League,Date,Time,Home,Away,Odd_H_Back,Odd_H_Lay,Odd_A_Back,Odd_A_Lay,Odd_D_Back,Odd_D_Lay,Odd_Under25_FT_Back,Odd_Under25_FT_Lay,Odd_Over25_FT_Back,Odd_Over25_FT_Lay,Odd_BTTS_Yes_Back,Odd_BTTS_Yes_Lay,Odd_BTTS_No_Back,Odd_BTTS_No_Lay,Odd_CS_0x0_Back,Odd_CS_0x0_Lay,Odd_CS_0x1_Back,Odd_CS_0x1_Lay,Odd_CS_0x2_Back,Odd_CS_0x2_Lay,Odd_CS_0x3_Back,Odd_CS_0x3_Lay,Odd_CS_1x0_Back,Odd_CS_1x0_Lay,Odd_CS_1x1_Back,Odd_CS_1x1_Lay,Odd_CS_1x2_Back,Odd_CS_1x2_Lay,Odd_CS_1x3_Back,Odd_CS_1x3_Lay,Odd_CS_2x0_Back,Odd_CS_2x0_Lay,Odd_CS_2x1_Back,Odd_CS_2x1_Lay,Odd_CS_2x2_Back,Odd_CS_2x2_Lay,Odd_CS_2x3_Back,Odd_CS_2x3_Lay,Odd_CS_3x0_Back,Odd_CS_3x0_Lay,Odd_CS_3x1_Back,Odd_CS_3x1_Lay,Odd_CS_3x2_Back,Odd_CS_3x2_Lay,Odd_CS_3x3_Back,Odd_CS_3x3_Lay,Odd_CS_Goleada_H_Back,Odd_CS_Goleada_H_Lay,Odd_CS_Goleada_A_Back,Odd_CS_Goleada_A_Lay,Odd_CS_Goleada_D_Back,Odd_CS_Goleada_D_Lay,ID_Evento,ID_Home,ID_Away,ID_Draw,IDMercado_Match_Odds,IDMercado_Over/Under_25_Goals,IDMercado_Both_teams_to_Score,IDMercado_Correct_Score,Goals_H,Goals_A,Back_Home,Back_Draw,Back_Away,Lay_Home,Lay_Draw,Lay_Away,Lay_0x1,Lay_0x2,Lay_1x0,Lay_0x0,Lay_Gol_H,Lay_Gol_A,Under45,over15,over25,under25,Lay_1x3,Lay_3x1,Lay_0x3,Lay_3x0,Lay_3x2,Lay_2x3
SOUTH KOREA - K LEAGUE 2,2024-05-04,02:00:00,Gimpo FC,Bucheon FC 1995,2.5,2.78,3.05,3.55,2.98,3.4,1.53,1.71,2.42,2.86,2.0,2.36,1.74,1.99,7.6,9.4,7.8,10.5,16.5,22.0,6.4,65.0,7.4,9.2,7.8,8.4,12.5,16.0,6.4,55.0,12.0,17.0,11.0,14.0,5.5,24.0,6.6,80.0,6.2,44.0,6.0,40.0,6.6,70.0,7.0,190.0,6.0,40.0,6.4,65.0,7.2,1000.0,33230645,19825802.0,7345624.0,58805.0,1.228234065,1.22823411,1.228234149,1.228234074,0.0,1.0,0,0,1,1,1,0,0,1,1,1,1,1,1,0,0,1,1,1,1,1,1,1
SOUTH KOREA - K LEAGUE 1,2024-05-04,02:30:00,Seoul,Ulsan HD,3.4,3.75,2.16,2.3,3.55,3.85,1.96,2.18,1.84,2.06,1.74,1.84,2.18,2.36,13.0,18.0,9.4,11.0,12.5,17.5,24.0,34.0,13.0,18.0,7.4,10.5,9.8,13.5,20.0,28.0,20.0,32.0,13.0,18.5,15.5,22.0,4.7,44.0,4.4,80.0,4.6,50.0,4.4,60.0,4.4,110.0,4.1,44.0,3.7,19.5,4.5,940.0,33239644,2479786.0,5352229.0,58805.0,1.228393396,1.228393406,1.228393395,1.228393405,0.0,1.0,0,0,1,1,1,0,0,1,1,1,1,1,1,0,0,1,1,1,1,1,1,1
SOUTH KOREA - K LEAGUE 1,2024-05-04,04:30:00,Pohang,Jeonbuk,2.52,2.66,2.98,3.2,3.3,3.55,1.74,1.91,2.08,2.36,1.84,2.02,1.99,2.2,9.8,12.0,9.8,12.5,14.5,25.0,6.2,65.0,8.6,11.0,6.6,7.8,12.0,15.0,6.2,46.0,14.0,17.0,10.0,12.5,15.5,21.0,6.2,65.0,6.2,46.0,23.0,38.0,6.2,60.0,6.4,150.0,5.6,32.0,5.9,44.0,6.8,1000.0,33239240,1363823.0,2224159.0,58805.0,1.228388244,1.228388289,1.228388328,1.228388253,1.0,0.0,1,0,0,0,1,1,1,1,0,1,1,1,1,0,0,1,1,1,1,1,1,1
SOUTH KOREA - K LEAGUE 2,2024-05-04,04:30:00,Asan,Anyang,2.8,3.0,2.54,2.74,3.5,3.85,1.95,2.2,1.83,2.06,1.66,1.91,2.1,2.52,12.0,16.5,9.8,13.0,14.0,19.5,5.9,42.0,10.5,14.0,6.8,9.2,10.0,13.5,6.2,30.0,16.0,22.0,10.5,14.5,14.0,19.0,6.0,44.0,6.0,48.0,6.2,34.0,6.0,46.0,6.4,1000.0,4.7,27.0,5.3,23.0,4.3,1000.0,33236780,41061425.0,7564870.0,58805.0,1.228347324,1.228347369,1.228347408,1.228347333,1.0,1.0,0,1,0,1,0,1,1,1,1,1,1,1,1,1,0,1,1,1,1,1,1,1
AUSTRALIA - A-LEAGUE,2024-05-04,06:45:00,Sydney FC,Macarthur FC,1.47,1.48,7.2,7.4,5.3,5.4,3.4,4.1,1.33,1.42,1.54,1.6,2.66,2.86,32.0,40.0,36.0,46.0,65.0,75.0,46.0,190.0,15.5,17.5,12.5,16.5,25.0,28.0,65.0,75.0,12.5,13.5,10.5,11.5,16.0,18.5,50.0,60.0,14.5,15.5,12.0,13.5,20.0,23.0,48.0,60.0,3.7,4.2,36.0,46.0,100.0,980.0,33232568,1205121.0,36700739.0,58805.0,1.228271678,1.228271682,1.228271757,1.228271679,4.0,0.0,1,0,0,0,1,1,1,1,1,1,0,1,1,1,1,0,1,1,1,1,1,1
PORTUGAL - LIGA PORTUGAL 2,2024-05-04,07:00:00,Feirense,Leiria,2.22,2.36,3.3,3.6,3.55,3.8,1.93,2.06,1.95,2.08,1.78,1.89,2.12,2.28,12.0,17.0,11.5,16.0,19.0,28.0,4.5,70.0,9.0,10.5,7.2,10.0,12.5,17.5,4.5,46.0,13.0,17.5,10.0,14.0,16.0,23.0,4.5,60.0,4.4,36.0,19.5,30.0,4.5,48.0,4.7,130.0,3.95,22.0,4.3,44.0,4.8,1000.0,33228980,505957.0,191603.0,58805.0,1.228205292,1.228205337,1.228205376,1.228205301,1.0,0.0,1,0,0,0,1,1,1,1,0,1,1,1,1,0,0,1,1,1,1,1,1,1
SWEDEN - SUPERETTAN,2024-05-04,08:00:00,Sandviken,Brage,2.7,2.86,2.7,2.84,3.45,3.65,1.96,2.08,1.94,2.04,1.75,1.85,2.16,2.34,12.0,14.0,10.5,12.0,16.0,21.0,7.8,46.0,10.5,12.0,7.2,8.2,11.0,14.0,7.2,34.0,16.0,21.0,11.0,13.0,15.5,18.0,7.8,46.0,7.8,46.0,7.2,34.0,7.8,48.0,8.6,110.0,6.8,25.0,6.8,25.0,9.2,910.0,33236650,792229.0,502308.0,58805.0,1.228343088,1.228343098,1.228343087,1.228343097,0.0,1.0,0,0,1,1,1,0,0,1,1,1,1,1,1,0,0,1,1,1,1,1,1,1
SWEDEN - SUPERETTAN,2024-05-04,08:00:00,Oddevold,Sundsvall,2.02,2.06,4.2,4.5,3.45,3.55,1.73,1.9,2.12,2.36,1.88,2.14,1.88,2.14,10.5,12.0,13.5,15.5,27.0,30.0,10.5,95.0,7.8,8.6,7.4,8.0,15.5,18.0,34.0,65.0,10.5,12.0,9.8,11.0,7.8,23.0,10.5,80.0,21.0,24.0,20.0,24.0,34.0,48.0,11.0,150.0,13.5,17.0,10.0,70.0,12.0,1000.0,33236652,778918.0,30680.0,58805.0,1.2283428,1.22834281,1.228342799,1.228342809,1.0,0.0,1,0,0,0,1,1,1,1,0,1,1,1,1,0,0,1,1,1,1,1,1,1
ENGLAND - CHAMPIONSHIP,2024-05-04,08:30:00,West Brom,Preston,1.46,1.47,9.2,9.8,4.7,4.8,1.95,2.0,2.0,2.06,2.2,2.34,1.75,1.84,13.0,15.5,24.0,26.0,65.0,80.0,65.0,980.0,6.8,7.4,9.8,10.5,30.0,36.0,44.0,170.0,7.0,7.6,9.6,10.0,27.0,30.0,44.0,160.0,10.5,12.0,15.5,16.5,40.0,46.0,60.0,210.0,6.6,7.0,60.0,250.0,36.0,800.0,33228826,1703.0,56295.0,58805.0,1.228199199,1.228199209,1.228199198,1.228199208,3.0,0.0,1,0,0,0,1,1,1,1,1,1,1,1,1,1,1,0,1,1,1,0,1,1
ENGLAND - CHAMPIONSHIP,2024-05-04,08:30:00,Coventry,QPR,2.3,2.32,3.35,3.4,3.65,3.7,2.2,2.3,1.77,1.82,1.65,1.72,2.4,2.54,15.5,17.0,14.5,16.0,22.0,25.0,44.0,60.0,11.5,12.5,7.8,8.4,13.0,14.0,30.0,34.0,14.5,16.0,10.0,11.0,14.5,16.0,36.0,42.0,27.0,30.0,20.0,22.0,29.0,32.0,32.0,75.0,12.5,14.0,23.0,27.0,21.0,980.0,33228892,48043.0,62684.0,58805.0,1.228201165,1.228201175,1.228201164,1.228201174,1.0,2.0,0,0,1,1,1,0,1,1,1,1,1,1,1,1,1,0,1,1,1,1,1,1
ENGLAND - CHAMPIONSHIP,2024-05-04,08:30:00,Birmingham,Norwich,2.44,2.46,2.92,2.94,3.9,3.95,2.3,2.5,1.67,1.77,1.6,1.68,2.48,2.68,17.5,19.5,14.5,16.5,20.0,22.0,42.0,46.0,13.0,13.5,8.4,8.8,12.0,13.0,26.0,28.0,16.0,17.5,10.5,11.0,14.0,15.0,30.0,36.0,30.0,34.0,21.0,23.0,28.0,32.0,50.0,65.0,13.5,15.0,16.5,21.0,24.0,980.0,33228818,48759.0,47998.0,58805.0,1.228199739,1.228199749,1.228199738,1.228199748,1.0,0.0,1,0,0,0,1,1,1,1,0,1,1,1,1,0,0,1,1,1,1,1,1,1
ENGLAND - CHAMPIONSHIP,2024-05-04,08:30:00,Ipswich,Huddersfield,1.26,1.27,13.5,14.0,7.0,7.2,2.84,3.1,1.48,1.55,2.04,2.1,1.91,1.97,27.0,30.0,42.0,50.0,60.0,130.0,30.0,600.0,10.0,11.0,14.5,16.5,40.0,48.0,46.0,210.0,8.0,8.6,10.0,11.0,20.0,34.0,44.0,160.0,9.2,9.4,12.0,12.5,30.0,34.0,44.0,160.0,3.7,3.85,50.0,980.0,30.0,980.0,33228839,48324.0,78984.0,58805.0,1.228198983,1.228198993,1.228198982,1.228198992,2.0,0.0,1,0,0,0,1,1,1,1,1,1,1,1,1,1,0,1,1,1,1,1,1,1
ENGLAND - CHAMPIONSHIP,2024-05-04,08:30:00,Middlesbrough,Watford,1.71,1.72,5.2,5.4,4.4,4.5,2.42,2.58,1.64,1.71,1.69,1.76,2.32,2.46,18.5,21.0,21.0,24.0,38.0,44.0,22.0,130.0,10.5,11.5,9.4,9.8,18.5,19.5,50.0,60.0,10.5,12.0,9.4,10.0,16.0,17.5,50.0,60.0,16.0,17.5,14.5,15.5,25.0,27.0,34.0,80.0,7.2,7.8,42.0,50.0,25.0,980.0,33228823,74303.0,56301.0,58805.0,1.228199415,1.228199425,1.228199414,1.228199424,3.0,1.0,1,0,0,0,1,1,1,1,1,1,1,1,1,1,1,0,1,0,1,1,1,1
ENGLAND - CHAMPIONSHIP,2024-05-04,08:30:00,Rotherham,Cardiff,3.55,3.6,2.26,2.3,3.5,3.55,1.81,1.9,2.12,2.24,1.88,1.98,2.02,2.14,10.5,11.5,8.6,9.2,12.5,13.5,26.0,29.0,11.5,12.5,7.2,7.8,10.5,11.0,23.0,25.0,22.0,24.0,14.0,15.5,17.5,19.5,38.0,42.0,60.0,70.0,40.0,46.0,50.0,60.0,40.0,110.0,40.0,48.0,17.0,20.0,24.0,1000.0,33228806,18565.0,79343.0,58805.0,1.228200063,1.228200073,1.228200062,1.228200072,5.0,2.0,1,0,0,0,1,1,1,1,1,1,0,1,0,1,1,0,1,1,1,1,1,1
ENGLAND - CHAMPIONSHIP,2024-05-04,08:30:00,Leicester,Blackburn,1.69,1.7,5.5,5.6,4.3,4.4,2.56,2.76,1.58,1.64,1.55,1.68,2.46,2.8,20.0,24.0,25.0,28.0,42.0,48.0,40.0,130.0,11.5,12.5,9.2,10.5,20.0,22.0,50.0,60.0,11.0,12.0,9.6,10.5,15.5,17.0,48.0,55.0,16.5,17.5,14.0,15.0,23.0,26.0,30.0,55.0,6.4,6.8,34.0,46.0,19.5,980.0,33228821,48461.0,48350.0,58805.0,1.228199631,1.228199641,1.22819963,1.22819964,0.0,2.0,0,0,1,1,1,0,1,0,1,1,1,1,1,1,0,1,1,1,1,1,1,1
ENGLAND - PREMIER LEAGUE,2024-05-04,08:30:00,Arsenal,Bournemouth,1.22,1.23,15.0,15.5,8.4,8.6,3.4,3.5,1.4,1.42,1.88,1.93,2.08,2.14,40.0,44.0,55.0,65.0,100.0,150.0,240.0,570.0,12.5,13.5,19.0,21.0,46.0,55.0,46.0,190.0,9.0,9.6,11.0,11.5,30.0,34.0,100.0,140.0,9.8,10.5,11.0,12.0,26.0,29.0,75.0,140.0,3.1,3.2,95.0,200.0,270.0,980.0,33223293,1096.0,1141.0,58805.0,1.228116778,1.228116717,1.228116777,1.228116788,3.0,0.0,1,0,0,0,1,1,1,1,1,1,1,1,1,1,1,0,1,1,1,0,1,1
ROMANIA - LIGA 1,2024-05-04,08:30:00,FC Botosani,FC Voluntari,2.22,2.38,3.4,3.75,3.35,3.6,1.81,1.97,2.04,2.24,1.85,1.96,2.04,2.18,10.0,13.5,11.0,14.0,18.5,27.0,6.2,75.0,8.8,10.5,7.0,8.8,13.0,16.5,5.9,48.0,12.0,15.5,10.0,12.5,15.0,21.0,6.0,65.0,5.6,34.0,6.0,28.0,5.9,48.0,6.4,130.0,5.2,22.0,5.9,48.0,6.8,1000.0,33233881,3465177.0,8838645.0,58805.0,1.228303564,1.228303609,1.228303648,1.228303573,0.0,0.0,0,1,0,1,0,1,1,1,1,0,1,1,1,0,0,1,1,1,1,1,1,1
CHINA - SUPER LEAGUE,2024-05-04,08:35:00,Qingdao West Coast,Shandong Taishan,5.4,7.4,1.4,1.73,3.8,8.2,2.26,4.5,1.28,1.79,1.12,1000.0,1.12,1000.0,1.01,1000.0,1.01,1000.0,1.01,1000.0,1.01,1000.0,1.01,1000.0,1.01,1000.0,1.01,1000.0,1.01,1000.0,1.01,1000.0,1.01,1000.0,1.01,1000.0,1.01,1000.0,1.01,1000.0,1.01,1000.0,1.01,1000.0,1.01,1000.0,1.55,1000.0,1.55,1000.0,1.03,1000.0,33239090,40285964.0,50443279.0,58805.0,1.228386093,1.228386096,1.22838614,1.228386141,0.0,0.0,0,1,0,1,0,1,1,1,1,0,1,1,1,0,0,1,1,1,1,1,1,1
FINLAND - VEIKKAUSLIIGA,2024-05-04,09:00:00,Ilves,AC Oulu,1.74,1.79,4.6,5.0,4.3,4.6,2.22,2.36,1.74,1.82,1.75,1.86,2.16,2.32,17.0,18.5,17.0,19.0,32.0,38.0,14.0,130.0,9.4,10.5,9.0,10.5,17.0,18.5,13.0,60.0,10.0,11.5,9.2,10.0,17.5,20.0,12.5,60.0,16.5,18.5,15.0,17.0,27.0,32.0,13.5,100.0,5.9,9.4,12.0,55.0,16.5,950.0,33231573,1229635.0,396699.0,58805.0,1.228247927,1.228247972,1.228248011,1.228247936,3.0,2.0,1,0,0,0,1,1,1,1,1,1,1,1,0,1,1,0,1,1,1,1,0,1
SPAIN - LALIGA2,2024-05-04,09:00:00,Mirandes,Valladolid,3.65,3.8,2.38,2.44,3.1,3.25,1.58,1.63,2.6,2.72,2.1,2.24,1.8,1.9,7.8,10.5,7.0,8.0,12.0,16.5,4.7,42.0,9.4,12.5,6.4,8.8,11.0,15.0,4.7,40.0,20.0,29.0,14.5,20.0,20.0,28.0,4.6,75.0,4.7,95.0,4.6,70.0,4.7,100.0,4.9,220.0,4.7,90.0,4.4,38.0,5.0,1000.0,33231308,565024.0,13362.0,58805.0,1.228250923,1.228250933,1.228250922,1.228250932,0.0,1.0,0,0,1,1,1,0,0,1,1,1,1,1,1,0,0,1,1,1,1,1,1,1
CHINA - SUPER LEAGUE,2024-05-04,09:00:00,Henan Songshan Longmen,Tianjin Jinmen Tiger,2.5,2.66,2.82,3.15,3.45,3.7,2.12,2.4,1.71,1.9,1.6,1.83,2.2,2.64,13.0,20.0,11.0,16.5,15.0,26.0,4.3,55.0,10.0,15.5,7.2,10.5,11.0,15.5,21.0,36.0,14.5,22.0,9.8,14.0,13.5,20.0,4.5,48.0,4.5,42.0,20.0,32.0,4.5,44.0,4.4,100.0,3.7,22.0,3.85,28.0,4.4,1000.0,33236473,50443412.0,50443178.0,58805.0,1.228339,1.228339045,1.228339084,1.228339009,1.0,2.0,0,0,1,1,1,0,1,1,1,1,1,1,1,1,1,0,1,1,1,1,1,1
POLAND - EKSTRAKLASA,2024-05-04,10:00:00,LKS Lodz,Slask Wroclaw,4.5,4.8,1.84,1.93,3.7,4.1,1.92,2.16,1.87,2.08,1.83,1.95,2.06,2.22,12.5,15.0,8.2,9.4,10.0,11.5,16.5,22.0,14.0,18.5,7.8,8.8,9.2,10.5,16.0,22.0,26.0,38.0,15.0,21.0,17.5,22.0,7.8,40.0,9.0,110.0,8.4,65.0,8.6,70.0,9.0,120.0,8.4,65.0,5.6,13.0,9.6,1000.0,33229393,1533911.0,3143307.0,58805.0,1.228217462,1.228217507,1.228217546,1.228217471,1.0,2.0,0,0,1,1,1,0,1,1,1,1,1,1,1,1,1,0,1,1,1,1,1,1
SWEDEN - SUPERETTAN,2024-05-04,10:00:00,Utsikten,Skovde AIK,1.62,1.66,6.4,7.4,4.0,4.2,1.81,1.88,2.12,2.22,2.04,2.28,1.79,1.96,11.0,13.5,15.0,21.0,6.4,60.0,7.0,230.0,6.6,7.8,7.6,10.5,22.0,29.0,6.8,120.0,7.8,9.4,9.2,11.5,20.0,29.0,6.8,130.0,13.5,17.0,17.0,21.0,6.4,50.0,7.0,200.0,4.5,12.0,7.0,180.0,7.2,1000.0,33236687,2382931.0,14112862.0,58805.0,1.228343959,1.228343969,1.228343958,1.228343968,4.0,1.0,1,0,0,0,1,1,1,1,1,1,0,1,0,1,1,0,1,1,1,1,1,1
SWEDEN - SUPERETTAN,2024-05-04,10:00:00,Degerfors,Landskrona,1.87,1.97,4.3,4.8,3.7,4.0,1.97,2.14,1.87,2.04,1.76,2.02,1.98,2.32,11.5,16.0,13.0,17.5,5.9,36.0,6.4,100.0,8.0,10.5,7.2,9.6,14.5,19.5,6.2,60.0,9.8,13.0,9.0,11.5,16.5,22.0,6.2,70.0,19.0,24.0,17.0,22.0,5.9,40.0,6.4,120.0,4.6,14.0,6.2,65.0,6.8,1000.0,33236653,784612.0,130432.0,58805.0,1.228343293,1.228343304,1.228343291,1.228343303,1.0,3.0,0,0,1,1,1,0,1,1,1,1,1,1,1,1,1,0,0,1,1,1,1,1
POLAND - DIVISION 1,2024-05-04,10:00:00,R. Rzeszow,Legnica,2.52,2.76,2.7,3.0,3.45,3.8,1.96,2.14,1.87,2.06,1.6,2.04,1.97,2.66,3.9,18.0,3.7,15.0,3.65,24.0,3.85,55.0,9.6,14.5,6.8,10.5,10.5,16.0,3.8,38.0,4.0,22.0,9.6,15.0,4.0,21.0,3.9,55.0,3.85,48.0,3.75,34.0,3.9,50.0,4.0,120.0,3.6,27.0,3.65,32.0,4.1,1000.0,33231324,5767794.0,4935893.0,58805.0,1.228252833,1.228252878,1.228252917,1.228252842,1.0,1.0,0,1,0,1,0,1,1,1,1,1,1,1,1,1,0,1,1,1,1,1,1,1
PORTUGAL - LIGA PORTUGAL 2,2024-05-04,10:00:00,Academico Viseu,Leixoes,2.46,2.88,2.78,3.35,3.2,3.7,1.69,1.92,2.08,2.46,1.8,2.1,1.91,2.24,4.3,12.5,4.2,12.0,5.0,22.0,5.8,55.0,4.1,11.0,6.4,8.4,10.5,15.0,5.7,42.0,13.0,18.0,9.8,14.0,5.6,22.0,5.9,60.0,5.7,44.0,5.5,36.0,5.8,55.0,6.2,1000.0,4.1,32.0,4.3,40.0,4.4,1000.0,33231136,7611327.0,146050.0,58805.0,1.22824127,1.228241315,1.228241354,1.228241279,1.0,1.0,0,1,0,1,0,1,1,1,1,1,1,1,1,1,0,1,1,1,1,1,1,1
SLOVENIA - PRVA LIGA,2024-05-04,10:00:00,Aluminij,Bravo,3.3,3.7,2.14,2.34,3.55,3.85,1.83,2.02,1.98,2.22,1.84,2.0,2.0,2.2,3.8,16.0,8.0,11.5,10.5,15.5,4.0,32.0,3.75,15.5,7.2,10.0,9.6,13.5,4.0,29.0,3.95,30.0,3.95,18.0,3.9,25.0,4.2,55.0,4.3,80.0,4.2,55.0,4.3,70.0,4.4,150.0,4.2,55.0,3.75,21.0,4.6,1000.0,33234291,5664283.0,15740271.0,58805.0,1.228305432,1.228305477,1.228305516,1.228305441,1.0,1.0,0,1,0,1,0,1,1,1,1,1,1,1,1,1,0,1,1,1,1,1,1,1
SWEDEN - ALLSVENSKAN,2024-05-04,10:00:00,Mjallby,Brommapojkarna,2.46,2.56,3.05,3.35,3.4,3.55,1.9,2.02,1.99,2.12,1.79,1.9,2.12,2.28,10.5,14.5,10.0,12.5,19.0,24.0,7.4,60.0,8.6,10.5,6.6,8.0,12.0,15.5,7.2,40.0,13.5,17.5,10.5,12.0,14.5,20.0,7.6,55.0,7.2,38.0,7.2,30.0,7.2,46.0,8.0,120.0,8.2,24.0,7.0,38.0,26.0,1000.0,33234531,60143.0,151472.0,58805.0,1.228306079,1.228306124,1.228306163,1.228306088,1.0,1.0,0,1,0,1,0,1,1,1,1,1,1,1,1,1,0,1,1,1,1,1,1,1
SWEDEN - ALLSVENSKAN,2024-05-04,10:00:00,Kalmar,Halmstad,2.1,2.18,3.9,4.2,3.35,3.55,1.79,1.87,2.16,2.28,1.9,2.1,1.91,2.1,10.0,11.5,12.0,13.5,24.0,28.0,14.0,85.0,7.8,8.6,7.2,7.8,15.0,16.5,13.5,55.0,11.0,12.5,10.0,11.0,18.0,21.0,13.5,85.0,23.0,26.0,21.0,25.0,38.0,44.0,15.0,130.0,16.0,19.5,13.0,65.0,21.0,1000.0,33234530,130433.0,10765.0,58805.0,1.228306169,1.228306214,1.228306253,1.228306178,5.0,2.0,1,0,0,0,1,1,1,1,1,1,0,1,0,1,1,0,1,1,1,1,1,1
ARMENIA - PREMIER LEAGUE,2024-05-04,10:00:00,Noah,Alashkert,1.37,2.08,4.5,1000.0,2.9,18.5,1.53,2.62,1.61,2.88,1.12,20.0,1.12,20.0,1.01,1000.0,1.01,1000.0,1.01,1000.0,1.01,1000.0,1.01,1000.0,1.01,1000.0,1.01,1000.0,1.01,1000.0,1.01,1000.0,1.01,1000.0,1.01,1000.0,1.01,1000.0,1.01,1000.0,1.01,1000.0,1.01,1000.0,1.01,1000.0,1.55,1000.0,1.55,1000.0,15.0,1000.0,33243654,25068897.0,9686394.0,58805.0,1.228448887,1.228448932,1.228448971,1.228448896,2.0,1.0,1,0,0,0,1,1,1,1,1,1,1,1,1,1,1,0,1,1,1,1,1,1
FINLAND - YKKONEN,2024-05-04,10:00:00,KPV Kokkola,Keski-Uusimaa,1.38,1.53,6.4,8.8,4.4,8.0,2.74,3.4,1.42,1.57,1.62,1.85,1.01,2.62,1.45,1000.0,4.2,1000.0,4.2,1000.0,4.2,1000.0,10.5,15.0,4.6,15.0,4.2,32.0,4.2,1000.0,1.18,12.5,8.4,12.0,5.2,24.0,4.2,1000.0,4.7,15.5,10.0,15.0,1.44,1000.0,1.52,1000.0,1.18,5.1,1.55,1000.0,1.01,1000.0,33243727,1130626.0,12905685.0,58805.0,1.228451987,1.228452032,1.228452071,1.228451996,3.0,2.0,1,0,0,0,1,1,1,1,1,1,1,1,0,1,1,0,1,1,1,1,0,1
FINLAND - YKKONEN,2024-05-04,10:00:00,VIFK,JJK Jyvaskyla,2.94,3.65,2.1,2.5,3.4,320.0,2.1,2.52,1.66,1.9,1.58,1.8,1.01,2.7,1.04,20.0,1.07,14.0,1.04,17.5,1.79,34.0,1.04,17.5,7.4,9.8,1.07,12.5,1.89,24.0,1.49,27.0,4.7,15.5,4.9,18.5,1.68,1000.0,1.46,1000.0,1.77,1000.0,1.7,1000.0,1.85,1000.0,1.55,1000.0,1.55,15.5,1.04,1000.0,33243745,498148.0,799035.0,58805.0,1.228451897,1.228451942,1.228451981,1.228451906,2.0,2.0,0,1,0,1,0,1,1,1,1,1,1,1,1,1,1,0,1,1,1,1,1,1
FINLAND - YKKONEN,2024-05-04,10:00:00,EPS,Atlantis,3.4,5.1,1.77,2.06,3.5,5.4,2.18,3.05,1.55,1.76,1.5,1.85,2.18,3.0,3.65,28.0,3.4,15.5,3.45,17.0,3.6,27.0,3.65,26.0,3.35,12.5,3.25,13.0,3.6,22.0,3.8,42.0,3.5,21.0,3.6,21.0,3.75,34.0,4.0,1000.0,3.9,55.0,3.9,1000.0,4.0,1000.0,3.75,40.0,3.05,11.0,4.1,1000.0,33243833,10773401.0,174384.0,58805.0,1.228476152,1.228476197,1.228476236,1.228476161,0.0,1.0,0,0,1,1,1,0,0,1,1,1,1,1,1,0,0,1,1,1,1,1,1,1
SWEDEN - SUPERETTAN,2024-05-04,10:00:00,Oster,Gefle,1.26,2.02,4.2,1000.0,3.75,1000.0,1.87,9.0,1.12,2.14,1.01,1000.0,1.01,1000.0,1.01,1000.0,1.01,1000.0,1.01,1000.0,1.01,1000.0,1.01,1000.0,1.01,1000.0,1.01,1000.0,1.01,1000.0,1.01,1000.0,1.01,1000.0,1.01,1000.0,1.01,1000.0,1.01,1000.0,1.01,1000.0,1.01,1000.0,1.01,1000.0,1.01,1000.0,1.55,1000.0,15.0,1000.0,33229325,780885.0,151470.0,58805.0,1.228483796,1.228483799,1.228483843,1.228483844,0.0,0.0,0,1,0,1,0,1,1,1,1,0,1,1,1,0,0,1,1,1,1,1,1,1
BELGIUM - JUPILER PRO LEAGUE,2024-05-04,11:00:00,RWDM,Charleroi,2.7,2.82,2.66,2.8,3.45,3.7,1.92,2.2,1.83,2.1,1.7,1.9,2.12,2.44,11.5,17.5,9.0,15.0,16.5,23.0,3.95,55.0,8.6,14.5,6.8,10.0,11.0,15.5,24.0,38.0,14.5,22.0,10.0,15.0,15.0,22.0,3.95,55.0,3.95,48.0,20.0,36.0,3.95,50.0,4.1,120.0,3.7,28.0,3.75,30.0,4.2,980.0,33231935,65801.0,65808.0,58805.0,1.228257216,1.228257226,1.228257215,1.228257225,1.0,3.0,0,0,1,1,1,0,1,1,1,1,1,1,1,1,1,0,0,1,1,1,1,1
ENGLAND - PREMIER LEAGUE,2024-05-04,11:00:00,Burnley,Newcastle,3.55,3.6,2.06,2.08,4.2,4.3,2.8,2.9,1.53,1.56,1.51,1.55,2.82,2.94,23.0,25.0,14.5,15.5,15.5,16.5,24.0,26.0,20.0,22.0,9.6,10.0,10.0,11.0,16.5,18.0,28.0,32.0,14.0,15.0,13.5,14.0,22.0,24.0,60.0,65.0,30.0,34.0,32.0,36.0,44.0,50.0,18.5,22.0,8.0,8.8,160.0,350.0,33223249,56299.0,25422.0,58805.0,1.228115876,1.228115815,1.228115875,1.228115886,1.0,4.0,0,0,1,1,1,0,1,1,1,1,1,0,0,1,1,0,1,1,1,1,1,1
ENGLAND - PREMIER LEAGUE,2024-05-04,11:00:00,Sheffield Utd,Nottingham,5.0,5.1,1.74,1.75,4.4,4.5,2.56,2.64,1.61,1.64,1.65,1.7,2.44,2.54,21.0,22.0,11.0,12.0,11.5,12.5,17.0,18.5,23.0,25.0,9.6,10.5,9.6,10.5,14.5,15.0,40.0,42.0,18.0,18.5,16.0,16.5,23.0,25.0,40.0,110.0,46.0,55.0,44.0,55.0,55.0,70.0,36.0,42.0,7.0,7.4,180.0,980.0,33223255,48470.0,39674645.0,58805.0,1.228115378,1.228115317,1.228115377,1.228115388,1.0,3.0,0,0,1,1,1,0,1,1,1,1,1,1,1,1,1,0,0,1,1,1,1,1
ENGLAND - PREMIER LEAGUE,2024-05-04,11:00:00,Brentford,Fulham,2.14,2.16,3.5,3.55,3.95,4.0,2.52,2.6,1.62,1.65,1.57,1.61,2.64,2.76,20.0,21.0,17.5,19.0,27.0,28.0,50.0,60.0,12.5,14.0,8.8,9.2,13.5,14.5,30.0,34.0,15.0,16.0,10.0,11.0,14.0,15.0,34.0,36.0,23.0,26.0,17.0,19.0,25.0,26.0,55.0,60.0,9.8,10.5,21.0,24.0,180.0,980.0,33223252,78864.0,56764.0,58805.0,1.228115693,1.228115458,1.228115685,1.228115745,0.0,0.0,0,1,0,1,0,1,1,1,1,0,1,1,1,0,0,1,1,1,1,1,1,1
FINLAND - VEIKKAUSLIIGA,2024-05-04,11:00:00,HJK,Ekenas,1.21,1.23,16.0,23.0,7.8,8.6,2.8,3.2,1.46,1.56,2.18,2.32,1.76,1.85,5.7,40.0,5.9,70.0,6.2,200.0,6.2,810.0,8.2,12.5,15.5,24.0,5.9,75.0,6.2,330.0,7.0,9.2,10.0,13.5,5.8,48.0,6.2,240.0,7.8,10.0,12.0,17.0,5.8,48.0,6.2,240.0,2.36,3.75,6.2,390.0,6.4,1000.0,33233948,6390.0,502408.0,58805.0,1.228305034,1.228305079,1.228305118,1.228305043,0.0,0.0,0,1,0,1,0,1,1,1,1,0,1,1,1,0,0,1,1,1,1,1,1,1
SCOTLAND - PREMIERSHIP,2024-05-04,11:00:00,Aberdeen,St Johnstone,1.73,1.8,5.6,6.2,3.65,3.95,1.72,1.99,2.0,2.38,1.94,2.28,1.78,2.06,10.0,13.5,14.0,19.0,6.4,48.0,6.8,170.0,6.2,8.4,7.2,9.6,18.5,25.0,6.6,100.0,7.8,10.5,9.0,11.5,19.5,26.0,6.6,110.0,14.5,19.5,16.0,22.0,6.4,48.0,7.0,170.0,4.7,14.0,6.6,130.0,7.0,1000.0,33229395,1189.0,57425.0,58805.0,1.228212825,1.228212835,1.228212824,1.228212834,1.0,0.0,1,0,0,0,1,1,1,1,0,1,1,1,1,0,0,1,1,1,1,1,1,1
SCOTLAND - PREMIERSHIP,2024-05-04,11:00:00,Ross County,Hibernian,4.0,4.3,2.0,2.06,3.65,3.95,2.08,2.24,1.81,1.92,1.71,1.77,2.3,2.42,12.0,20.0,9.4,11.0,11.5,16.0,17.5,29.0,12.5,21.0,7.6,8.8,9.2,10.5,14.5,25.0,5.1,38.0,12.5,21.0,15.5,21.0,5.1,40.0,5.5,95.0,5.3,60.0,5.4,65.0,5.6,110.0,7.0,50.0,4.0,13.0,34.0,830.0,33229397,674742.0,9166.0,58805.0,1.228212391,1.228212401,1.22821239,1.2282124,2.0,1.0,1,0,0,0,1,1,1,1,1,1,1,1,1,1,1,0,1,1,1,1,1,1
SCOTLAND - PREMIERSHIP,2024-05-04,11:00:00,Motherwell,Livingston,1.73,1.78,5.3,5.8,4.0,4.2,1.87,2.1,1.92,2.16,1.93,2.08,1.94,2.08,11.5,15.5,15.5,19.5,7.4,46.0,8.4,150.0,7.4,8.6,8.2,9.2,17.0,24.0,8.0,85.0,8.8,10.5,9.0,10.5,18.0,25.0,8.0,90.0,15.5,19.5,15.0,21.0,7.4,44.0,8.4,150.0,5.0,11.5,8.2,110.0,8.8,1000.0,33229396,10707.0,57423.0,58805.0,1.228212499,1.228212509,1.228212498,1.228212508,4.0,1.0,1,0,0,0,1,1,1,1,1,1,0,1,0,1,1,0,1,1,1,1,1,1
ESTONIA - MEISTRILIIGA,2024-05-04,11:00:00,Narva,Parnu JK Vaprus,2.1,2.4,2.94,3.85,3.8,5.5,1.57,2.76,1.56,2.74,1.01,1000.0,1.01,1000.0,1.01,1000.0,1.01,1000.0,1.01,1000.0,1.01,1000.0,1.01,1000.0,1.01,1000.0,1.01,1000.0,1.01,1000.0,1.01,1000.0,1.01,1000.0,1.01,1000.0,1.01,1000.0,1.01,1000.0,1.01,1000.0,1.01,1000.0,1.01,1000.0,1.55,1000.0,1.55,1000.0,1.03,1000.0,33236616,46983.0,12395256.0,58805.0,1.228341706,1.228341751,1.22834179,1.228341715,0.0,0.0,0,1,0,1,0,1,1,1,1,0,1,1,1,0,0,1,1,1,1,1,1,1
NORWAY - OBOS-LIGAEN,2024-05-04,11:00:00,Levanger,Sogndal,1.81,2.42,3.0,4.5,3.35,5.2,2.24,2.7,1.58,1.81,1.5,1.85,2.18,3.0,3.6,26.0,3.65,23.0,3.75,36.0,3.95,80.0,3.5,16.0,3.25,12.0,3.5,18.5,3.85,46.0,3.5,19.0,3.3,13.5,3.6,20.0,3.9,50.0,3.7,32.0,3.65,24.0,3.85,36.0,4.0,1000.0,3.15,14.0,3.7,34.0,4.1,1000.0,33238952,398353.0,31322.0,58805.0,1.228384497,1.228384542,1.228384581,1.228384506,0.0,0.0,0,1,0,1,0,1,1,1,1,0,1,1,1,0,0,1,1,1,1,1,1,1
NORWAY - OBOS-LIGAEN,2024-05-04,11:00:00,Egersund,Lyn,2.06,2.16,3.3,3.7,3.9,4.4,2.38,2.68,1.6,1.73,1.57,1.73,2.36,2.86,5.1,24.0,15.0,21.0,5.4,32.0,5.9,65.0,11.5,15.0,7.8,11.0,12.0,16.5,5.5,38.0,12.5,17.5,9.2,12.0,4.8,18.0,5.6,42.0,5.3,29.0,15.5,22.0,5.4,32.0,6.0,75.0,4.2,12.0,5.2,27.0,6.4,1000.0,33238942,3876624.0,31318.0,58805.0,1.228384587,1.228384632,1.228384671,1.228384596,1.0,1.0,0,1,0,1,0,1,1,1,1,1,1,1,1,1,0,1,1,1,1,1,1,1
NORWAY - OBOS-LIGAEN,2024-05-04,11:00:00,Stabaek,Kongsvinger,2.18,2.4,3.1,3.5,3.7,4.1,2.08,2.32,1.76,1.93,1.61,1.84,2.2,2.64,12.5,21.0,11.0,18.5,17.5,30.0,4.1,70.0,8.8,14.5,7.4,11.0,10.5,17.5,4.2,42.0,11.5,19.0,8.2,13.5,13.5,21.0,4.3,55.0,21.0,36.0,4.0,28.0,24.0,42.0,4.1,95.0,3.45,18.0,3.8,34.0,4.2,1000.0,33239004,50045.0,774892.0,58805.0,1.228384316,1.228384361,1.2283844,1.228384325,5.0,0.0,1,0,0,0,1,1,1,1,1,1,0,1,0,1,1,0,1,1,1,1,1,1
NORWAY - OBOS-LIGAEN,2024-05-04,11:00:00,Start,Ranheim,2.62,2.8,2.6,2.62,3.9,4.2,2.32,2.58,1.64,1.76,1.57,1.69,2.46,2.76,7.8,21.0,12.5,18.0,17.5,21.0,32.0,48.0,13.5,18.0,8.0,9.4,11.0,12.5,22.0,26.0,17.5,21.0,11.0,12.5,13.5,16.0,9.2,34.0,29.0,44.0,21.0,30.0,9.2,34.0,10.5,65.0,12.5,19.0,13.5,20.0,9.2,1000.0,33238961,774893.0,22623366.0,58805.0,1.228384407,1.228384452,1.228384491,1.228384416,0.0,0.0,0,1,0,1,0,1,1,1,1,0,1,1,1,0,0,1,1,1,1,1,1,1
NORWAY - OBOS-LIGAEN,2024-05-04,11:00:00,Mjondalen,Aalesund,2.26,2.38,2.82,3.25,3.95,4.4,2.3,2.62,1.62,1.77,1.54,1.75,2.34,2.86,6.4,22.0,14.5,18.0,20.0,26.0,8.2,55.0,12.0,15.0,8.2,9.8,12.0,14.0,25.0,32.0,15.0,18.5,10.0,12.0,13.0,17.0,7.2,40.0,27.0,34.0,19.0,23.0,25.0,32.0,28.0,70.0,9.2,14.5,13.5,28.0,8.6,1000.0,33239025,3782270.0,3038746.0,58805.0,1.228384136,1.228384181,1.22838422,1.228384145,1.0,1.0,0,1,0,1,0,1,1,1,1,1,1,1,1,1,0,1,1,1,1,1,1,1
NORWAY - OBOS-LIGAEN,2024-05-04,11:00:00,Raufoss,Asane,2.16,2.36,3.3,3.65,3.5,4.1,2.12,2.36,1.74,1.9,1.61,1.83,2.2,2.64,14.0,19.0,12.5,17.0,5.5,28.0,6.0,65.0,9.8,13.5,7.4,9.6,5.1,16.0,5.8,40.0,12.5,17.0,9.4,12.5,13.5,18.5,5.9,46.0,5.6,32.0,5.4,24.0,6.0,36.0,6.2,85.0,4.7,15.5,5.5,32.0,6.6,1000.0,33229319,152564.0,152573.0,58805.0,1.228217192,1.228217237,1.228217276,1.228217201,1.0,0.0,1,0,0,0,1,1,1,1,0,1,1,1,1,0,0,1,1,1,1,1,1,1
NORWAY - OBOS-LIGAEN,2024-05-04,11:00:00,Valerenga,Bryne,1.69,1.78,4.9,5.3,4.1,4.6,2.22,2.46,1.68,1.82,1.74,1.88,2.14,2.36,4.3,23.0,15.5,26.0,4.7,55.0,4.9,150.0,8.4,11.5,8.2,12.0,4.2,24.0,4.7,75.0,9.2,14.0,8.4,12.5,4.3,23.0,4.7,75.0,5.1,21.0,4.4,20.0,4.5,40.0,4.8,120.0,3.2,8.8,4.7,75.0,5.0,1000.0,33239015,132563.0,7033.0,58805.0,1.228384226,1.228384271,1.22838431,1.228384235,1.0,0.0,1,0,0,0,1,1,1,1,0,1,1,1,1,0,0,1,1,1,1,1,1,1
NORWAY - OBOS-LIGAEN,2024-05-04,11:00:00,Sandnes,Moss,2.4,2.66,2.72,3.05,3.7,4.2,2.26,2.58,1.63,1.8,1.48,1.83,2.2,3.05,4.2,24.0,11.5,19.0,16.0,27.0,3.95,55.0,11.5,17.5,7.4,11.5,10.0,15.5,4.3,34.0,4.1,24.0,9.8,14.0,4.0,19.0,3.9,44.0,3.9,42.0,4.2,29.0,3.95,40.0,4.0,85.0,3.5,19.5,3.6,24.0,4.2,1000.0,33229318,778909.0,401947.0,58805.0,1.228217282,1.228217327,1.228217366,1.228217291,3.0,3.0,0,1,0,1,0,1,1,1,1,1,1,1,0,1,1,0,1,1,1,1,1,1
SCOTLAND - LEAGUE ONE,2024-05-04,11:00:00,Hamilton,Kelty Hearts,1.6,1.69,5.0,6.2,4.4,5.4,2.12,2.44,1.7,1.89,1.8,2.02,1.98,2.26,1.18,21.0,1.15,23.0,1.15,50.0,1.17,1000.0,4.6,11.0,8.8,11.5,1.38,23.0,1.16,75.0,4.6,11.0,4.6,11.0,1.37,24.0,1.16,75.0,1.47,17.0,3.6,17.5,1.18,1000.0,1.18,1000.0,1.55,8.4,1.55,80.0,1.18,1000.0,33229419,203716.0,10317903.0,58805.0,1.228211045,1.22821109,1.228211129,1.228211054,4.0,1.0,1,0,0,0,1,1,1,1,1,1,0,1,0,1,1,0,1,1,1,1,1,1
SCOTLAND - LEAGUE ONE,2024-05-04,11:00:00,Falkirk,Alloa,1.23,1.29,11.0,15.0,6.4,8.8,3.15,3.95,1.34,1.47,1.74,2.02,1.99,2.36,6.4,46.0,6.4,65.0,7.0,1000.0,7.2,1000.0,11.0,16.0,5.4,20.0,6.4,50.0,7.0,1000.0,8.4,11.5,9.2,13.0,6.0,32.0,7.0,1000.0,9.2,12.5,9.6,14.5,6.0,32.0,7.0,1000.0,2.4,3.55,4.2,1000.0,2.38,1000.0,33229423,328049.0,203715.0,58805.0,1.228210861,1.228210906,1.228210945,1.22821087,2.0,2.0,0,1,0,1,0,1,1,1,1,1,1,1,1,1,1,0,1,1,1,1,1,1
SCOTLAND - LEAGUE ONE,2024-05-04,11:00:00,Cove Rangers,Edinburgh City,1.21,1.43,6.8,1000.0,4.8,38.0,2.16,110.0,1.03,1.61,1.12,110.0,1.12,110.0,1.01,1000.0,1.01,1000.0,1.01,1000.0,1.01,1000.0,1.01,1000.0,1.01,1000.0,1.01,1000.0,1.01,1000.0,1.01,1000.0,1.01,1000.0,1.01,1000.0,1.01,1000.0,1.01,1000.0,1.01,1000.0,1.01,1000.0,1.01,1000.0,1.01,1000.0,1.55,1000.0,1.03,1000.0,33229431,284608.0,615040.0,58805.0,1.228210285,1.22821033,1.228210369,1.228210294,3.0,1.0,1,0,0,0,1,1,1,1,1,1,1,1,1,1,1,0,1,0,1,1,1,1
SCOTLAND - LEAGUE ONE,2024-05-04,11:00:00,Stirling,Annan,2.12,2.42,3.15,3.7,3.5,4.4,2.12,2.52,1.66,1.88,1.57,1.79,2.26,2.74,5.6,21.0,4.6,18.0,5.1,28.0,4.4,65.0,9.8,14.5,7.2,10.0,5.1,16.5,5.3,38.0,5.3,17.5,9.2,12.5,13.0,18.0,5.4,44.0,5.2,32.0,4.9,24.0,5.3,36.0,6.2,1000.0,3.6,14.5,4.1,28.0,4.7,1000.0,33229429,729811.0,11386623.0,58805.0,1.228210375,1.22821042,1.228210459,1.228210384,1.0,1.0,0,1,0,1,0,1,1,1,1,1,1,1,1,1,0,1,1,1,1,1,1,1
SCOTLAND - LEAGUE TWO,2024-05-04,11:00:00,East Fife,Spartans,2.28,2.62,3.1,3.6,3.1,3.65,1.75,2.0,2.0,2.34,1.76,2.04,1.96,2.3,10.5,13.5,9.8,13.5,5.6,24.0,6.4,65.0,8.0,11.0,6.6,8.2,11.5,16.0,6.2,44.0,12.0,16.5,9.6,13.0,14.5,20.0,6.4,60.0,6.0,36.0,5.8,30.0,6.2,48.0,6.8,120.0,5.6,25.0,6.2,44.0,7.2,1000.0,33229420,674743.0,66266.0,58805.0,1.228210951,1.228210996,1.228211035,1.22821096,1.0,2.0,0,0,1,1,1,0,1,1,1,1,1,1,1,1,1,0,1,1,1,1,1,1
SCOTLAND - LEAGUE TWO,2024-05-04,11:00:00,Stranraer,Stenhousemuir,2.46,2.7,2.82,3.0,3.45,3.8,1.8,2.02,1.98,2.26,1.66,2.14,1.88,2.5,10.5,13.5,10.0,13.0,17.0,21.0,7.6,55.0,9.0,13.5,7.0,8.4,11.5,14.0,7.2,38.0,14.0,22.0,10.5,15.5,16.0,19.0,36.0,55.0,27.0,42.0,23.0,32.0,7.6,48.0,8.2,110.0,16.0,30.0,20.0,40.0,8.4,1000.0,33229427,122903.0,729806.0,58805.0,1.228210465,1.22821051,1.228210549,1.228210474,2.0,0.0,1,0,0,0,1,1,1,1,1,1,1,1,1,1,0,1,1,1,1,1,1,1
SCOTLAND - LEAGUE TWO,2024-05-04,11:00:00,Elgin City,Clyde,3.7,4.2,1.93,2.08,3.75,4.6,2.04,2.3,1.76,1.97,1.72,1.85,2.18,2.4,3.7,20.0,8.8,13.0,9.8,15.5,3.9,28.0,11.5,19.5,7.6,11.0,8.8,13.0,3.8,24.0,4.0,36.0,12.0,19.5,3.8,23.0,4.1,40.0,4.3,90.0,4.2,55.0,4.2,60.0,4.3,110.0,4.1,48.0,3.45,14.5,4.5,1000.0,33229426,46277118.0,328050.0,58805.0,1.228210555,1.2282106,1.228210639,1.228210564,0.0,3.0,0,0,1,1,1,0,1,1,1,1,1,1,1,1,1,0,1,1,0,1,1,1
SCOTLAND - LEAGUE TWO,2024-05-04,11:00:00,Peterhead,Dumbarton,2.54,2.98,2.52,2.7,3.45,4.8,1.98,2.34,1.75,2.02,1.63,1.86,2.16,2.62,1.7,17.5,5.1,14.0,1.88,21.0,1.88,1000.0,5.0,14.5,6.8,9.2,5.1,13.5,1.88,1000.0,2.52,22.0,5.2,14.0,5.3,18.5,1.88,1000.0,1.33,1000.0,1.88,1000.0,1.88,1000.0,1.88,1000.0,1.55,26.0,1.55,23.0,1.48,1000.0,33229409,729810.0,2152.0,58805.0,1.228211225,1.22821127,1.228211309,1.228211234,2.0,1.0,1,0,0,0,1,1,1,1,1,1,1,1,1,1,1,0,1,1,1,1,1,1
SPAIN - LALIGA2,2024-05-04,11:15:00,Huesca,R. Oviedo,3.1,3.25,2.82,3.0,2.84,2.94,1.35,1.85,2.16,3.9,1.12,110.0,1.12,110.0,1.03,8.6,1.13,1000.0,1.13,1000.0,1.13,1000.0,1.13,1000.0,1.13,1000.0,1.13,1000.0,1.13,1000.0,1.13,1000.0,1.13,1000.0,1.13,1000.0,1.13,1000.0,1.13,1000.0,1.13,1000.0,1.13,1000.0,1.13,1000.0,1.55,1000.0,1.55,1000.0,1.13,1000.0,33231312,2250353.0,21678.0,58805.0,1.228250707,1.228250717,1.228250706,1.228250716,0.0,2.0,0,0,1,1,1,0,1,0,1,1,1,1,1,1,0,1,1,1,1,1,1,1
PORTUGAL - LIGA PORTUGAL,2024-05-04,11:30:00,Boavista,Gil Vicente,2.64,2.78,2.94,3.0,3.35,3.45,1.83,1.93,2.08,2.22,1.85,1.93,2.08,2.18,11.0,11.5,10.0,11.0,17.0,19.0,42.0,55.0,9.6,10.5,7.0,7.6,12.0,13.0,30.0,34.0,15.0,17.0,11.5,12.5,16.5,18.5,42.0,55.0,36.0,40.0,27.0,32.0,40.0,46.0,18.5,110.0,23.0,27.0,26.0,32.0,19.0,1000.0,33229810,10761.0,48784.0,58805.0,1.228218773,1.228218818,1.228218857,1.228218782,1.0,1.0,0,1,0,1,0,1,1,1,1,1,1,1,1,1,0,1,1,1,1,1,1,1
PORTUGAL - LIGA PORTUGAL,2024-05-04,11:30:00,Rio Ave,Vitoria Guimaraes,2.88,3.0,2.7,2.8,3.3,3.4,1.72,1.8,2.24,2.4,1.93,2.08,1.94,2.08,9.6,11.0,8.8,9.8,15.0,17.0,7.0,55.0,9.0,10.5,6.8,7.8,11.0,13.0,6.8,42.0,13.5,23.0,12.0,13.5,15.0,25.0,7.2,65.0,7.0,60.0,6.8,46.0,7.2,70.0,7.6,170.0,6.6,46.0,6.4,40.0,7.8,1000.0,33229808,495321.0,50085.0,58805.0,1.228218863,1.228218908,1.228218947,1.228218872,2.0,1.0,1,0,0,0,1,1,1,1,1,1,1,1,1,1,1,0,1,1,1,1,1,1
PORTUGAL - LIGA PORTUGAL 2,2024-05-04,11:30:00,Oliveirense,Tondela,2.24,2.46,3.15,3.5,3.4,3.75,1.84,2.06,1.95,2.18,1.74,1.99,2.0,2.36,10.5,15.0,10.5,14.0,18.5,25.0,6.0,65.0,8.4,11.5,6.6,8.8,11.5,16.0,5.8,42.0,12.0,16.5,9.4,13.0,15.0,20.0,6.0,55.0,5.6,34.0,20.0,28.0,5.9,46.0,6.4,120.0,5.1,22.0,5.8,40.0,6.6,1000.0,33231329,616886.0,4240339.0,58805.0,1.228253103,1.228253148,1.228253187,1.228253112,2.0,1.0,1,0,0,0,1,1,1,1,1,1,1,1,1,1,1,0,1,1,1,1,1,1
CROATIA - HNL,2024-05-04,12:00:00,Slaven Belupo,Gorica,2.42,2.52,3.45,3.7,3.05,3.3,1.73,1.79,2.26,2.38,1.83,2.1,1.92,2.2,8.6,11.0,10.5,13.0,6.2,26.0,7.0,70.0,8.4,10.5,6.2,7.6,12.5,17.0,6.6,50.0,12.0,16.0,9.8,13.5,5.4,21.0,7.0,70.0,25.0,36.0,22.0,32.0,6.8,55.0,6.8,130.0,5.8,55.0,6.4,55.0,7.2,1000.0,33231520,170923.0,6692727.0,58805.0,1.228251843,1.228251888,1.228251927,1.228251852,4.0,1.0,1,0,0,0,1,1,1,1,1,1,0,1,0,1,1,0,1,1,1,1,1,1
POLAND - EKSTRAKLASA,2024-05-04,12:30:00,Zaglebie,Rakow,3.8,3.9,2.08,2.1,3.75,3.9,2.06,2.14,1.89,1.93,1.72,1.81,2.22,2.4,14.0,16.0,9.8,11.0,12.5,14.0,22.0,26.0,14.5,16.0,7.8,9.0,9.8,11.0,19.0,21.0,25.0,28.0,13.5,15.5,15.5,17.5,30.0,34.0,48.0,75.0,36.0,44.0,42.0,50.0,12.5,240.0,20.0,40.0,12.0,14.0,14.0,810.0,33231147,166904.0,5876552.0,58805.0,1.228240511,1.228240556,1.228240595,1.22824052,2.0,0.0,1,0,0,0,1,1,1,1,1,1,1,1,1,1,0,1,1,1,1,1,1,1
POLAND - DIVISION 1,2024-05-04,12:30:00,Lechia Gdansk,Tychy,1.79,1.92,4.8,5.4,3.55,4.0,1.89,1.99,2.0,2.14,1.83,2.1,1.92,2.2,11.0,14.5,13.0,17.5,6.4,40.0,7.2,120.0,7.4,9.2,7.4,9.2,5.6,21.0,7.0,75.0,9.0,12.0,9.0,11.5,5.7,22.0,7.0,80.0,5.7,22.0,5.7,22.0,6.4,42.0,7.2,130.0,4.0,14.0,5.3,85.0,5.7,1000.0,33229640,3143305.0,2618019.0,58805.0,1.228217372,1.228217417,1.228217456,1.228217381,3.0,0.0,1,0,0,0,1,1,1,1,1,1,1,1,1,1,1,0,1,1,1,0,1,1
SLOVENIA - PRVA LIGA,2024-05-04,12:30:00,Koper,Domzale,2.16,2.28,3.35,3.8,3.45,3.85,1.9,2.04,1.96,2.1,1.78,1.9,2.1,2.3,10.5,15.0,11.5,15.0,6.4,28.0,7.6,70.0,8.8,11.0,7.2,9.0,12.5,16.0,7.0,44.0,12.0,15.0,5.0,12.0,5.9,19.0,7.4,55.0,6.6,29.0,18.5,24.0,7.0,40.0,7.8,240.0,5.7,55.0,7.0,42.0,8.4,1000.0,33235545,166903.0,503208.0,58805.0,1.228323869,1.228323914,1.228323953,1.228323878,3.0,1.0,1,0,0,0,1,1,1,1,1,1,1,1,1,1,1,0,1,0,1,1,1,1
SWEDEN - ALLSVENSKAN,2024-05-04,12:30:00,Sirius,Hacken,2.36,2.4,3.0,3.05,3.95,4.0,2.6,2.66,1.6,1.63,1.55,1.59,2.68,2.82,20.0,23.0,17.0,18.0,22.0,24.0,42.0,48.0,14.0,15.5,8.8,9.6,12.0,13.5,26.0,29.0,16.5,18.5,10.5,11.5,13.5,15.0,29.0,34.0,28.0,32.0,19.0,22.0,24.0,29.0,48.0,60.0,11.5,12.5,16.0,18.0,17.0,1000.0,33234532,4638067.0,30681.0,58805.0,1.228305989,1.228306034,1.228306073,1.228305998,0.0,3.0,0,0,1,1,1,0,1,1,1,1,1,1,1,1,1,0,1,1,0,1,1,1
EGYPT - PREMIER LEAGUE,2024-05-04,13:00:00,El Daklyeh,Ceramica Cleopatra,7.2,8.2,1.6,1.64,3.8,4.2,1.78,1.84,2.18,2.3,2.2,2.34,1.75,1.84,10.0,11.5,6.4,7.0,7.4,8.2,13.0,15.0,18.0,21.0,8.2,9.2,9.6,10.5,17.0,26.0,42.0,60.0,25.0,30.0,25.0,29.0,42.0,85.0,16.0,260.0,15.0,140.0,15.0,150.0,16.0,210.0,15.0,210.0,9.6,11.5,16.0,1000.0,33234375,5907009.0,37456793.0,58805.0,1.228304807,1.228304855,1.228304894,1.228304818,1.0,3.0,0,0,1,1,1,0,1,1,1,1,1,1,1,1,1,0,0,1,1,1,1,1
NORWAY - ELITESERIEN,2024-05-04,13:00:00,Brann,Rosenborg,1.57,1.6,6.2,6.4,4.6,4.8,2.38,2.46,1.69,1.73,1.81,1.88,2.14,2.24,18.5,20.0,22.0,25.0,48.0,55.0,18.5,170.0,9.6,10.5,9.6,10.5,21.0,24.0,65.0,80.0,9.4,10.5,9.2,9.6,18.5,21.0,60.0,75.0,13.5,15.0,14.0,15.5,27.0,30.0,65.0,95.0,6.6,7.0,60.0,90.0,19.0,770.0,33236937,31317.0,55224.0,58805.0,1.228349113,1.228349123,1.228349112,1.228349122,3.0,0.0,1,0,0,0,1,1,1,1,1,1,1,1,1,1,1,0,1,1,1,0,1,1
SWITZERLAND - SUPER LEAGUE,2024-05-04,13:00:00,Servette,Winterthur,1.55,1.58,6.4,6.8,4.6,4.9,2.48,2.56,1.64,1.67,1.78,1.84,2.2,2.3,16.5,27.0,5.9,32.0,5.7,65.0,6.0,170.0,9.6,13.0,9.8,13.5,20.0,28.0,5.8,95.0,9.6,12.5,9.0,9.8,17.0,23.0,5.8,90.0,13.5,17.0,13.0,17.5,22.0,32.0,6.0,120.0,3.25,6.8,5.7,75.0,6.2,790.0,33214911,51405.0,458019.0,58805.0,1.228020397,1.2280204,1.228020444,1.228020445,2.0,1.0,1,0,0,0,1,1,1,1,1,1,1,1,1,1,1,0,1,1,1,1,1,1
SWITZERLAND - SUPER LEAGUE,2024-05-04,13:00:00,Grasshoppers,Lausanne Ouchy,1.73,1.76,5.2,5.6,4.1,4.2,2.06,2.12,1.9,1.93,1.85,1.95,2.06,2.18,13.5,16.0,17.0,19.0,36.0,42.0,18.5,140.0,8.4,9.2,8.4,9.4,18.5,21.0,46.0,70.0,9.4,10.5,9.2,9.8,18.5,20.0,17.0,75.0,16.0,17.5,16.0,17.5,30.0,34.0,26.0,110.0,9.0,9.8,16.5,75.0,18.5,1000.0,33216525,373489.0,5805890.0,58805.0,1.228020367,1.228020377,1.228020366,1.228020376,3.0,2.0,1,0,0,0,1,1,1,1,1,1,1,1,0,1,1,0,1,1,1,1,0,1
EGYPT - PREMIER LEAGUE,2024-05-04,13:00:00,Al Ahly,El Gouna,1.37,1.39,10.5,12.5,5.3,6.0,2.18,2.28,1.79,1.84,2.06,2.32,1.75,1.94,16.0,21.0,6.6,34.0,7.8,100.0,8.2,1000.0,7.4,9.0,10.5,13.5,7.0,42.0,8.0,210.0,7.0,8.4,8.8,11.5,23.0,34.0,8.0,160.0,9.4,12.0,12.0,16.5,7.0,42.0,8.0,200.0,3.55,6.2,8.2,300.0,8.4,1000.0,33239945,4768314.0,5202561.0,58805.0,1.228397477,1.22839748,1.228397524,1.228397525,3.0,0.0,1,0,0,0,1,1,1,1,1,1,1,1,1,1,1,0,1,1,1,0,1,1
SLOVAKIA - NIKE LIGA,2024-05-04,13:00:00,Trencin,Michalovce,1.6,1.66,5.4,6.0,4.6,5.3,2.32,2.54,1.65,1.75,1.75,1.95,2.04,2.34,5.7,25.0,5.7,25.0,4.0,48.0,4.3,150.0,7.8,12.0,9.2,12.5,5.6,24.0,4.1,70.0,9.0,11.0,8.2,11.0,5.6,23.0,6.6,70.0,12.0,17.0,11.0,17.0,6.0,34.0,4.2,110.0,2.82,7.8,3.0,70.0,3.15,1000.0,33229337,501167.0,4985275.0,58805.0,1.228212951,1.228212996,1.228213035,1.22821296,1.0,0.0,1,0,0,0,1,1,1,1,0,1,1,1,1,0,0,1,1,1,1,1,1,1
SLOVAKIA - NIKE LIGA,2024-05-04,13:00:00,Z. Moravce-Vrable,Skalica,2.98,3.25,2.56,2.72,3.3,3.55,1.79,1.93,2.08,2.26,1.76,2.04,1.97,2.32,10.5,12.0,9.0,10.5,14.5,16.5,32.0,40.0,10.0,12.0,7.0,7.6,11.0,12.0,25.0,32.0,17.5,21.0,12.0,13.5,16.5,19.0,38.0,48.0,34.0,55.0,27.0,38.0,40.0,55.0,12.0,110.0,25.0,38.0,19.5,28.0,13.0,1000.0,33229316,2397382.0,12690369.0,58805.0,1.228213131,1.228213176,1.228213215,1.22821314,1.0,0.0,1,0,0,0,1,1,1,1,0,1,1,1,1,0,0,1,1,1,1,1,1,1
BELGIUM - JUPILER PRO LEAGUE,2024-05-04,13:15:00,KV Mechelen,Gent,3.5,3.6,2.04,2.08,4.2,4.4,3.1,3.2,1.45,1.47,1.48,1.52,2.96,3.1,25.0,32.0,16.0,18.5,16.0,18.0,23.0,26.0,21.0,25.0,9.8,11.0,10.5,11.0,16.0,17.5,29.0,34.0,14.0,15.0,13.0,16.0,21.0,23.0,46.0,65.0,27.0,32.0,29.0,34.0,38.0,160.0,15.5,18.0,7.0,7.8,17.0,850.0,33229791,13052998.0,350594.0,58805.0,1.228219981,1.228219991,1.22821998,1.22821999,2.0,4.0,0,0,1,1,1,0,1,1,1,1,1,0,0,1,1,0,1,1,1,1,1,1
ENGLAND - PREMIER LEAGUE,2024-05-04,13:30:00,Manchester City,Wolves,1.11,1.12,28.0,29.0,14.0,14.5,4.3,4.4,1.29,1.31,2.24,2.3,1.77,1.81,50.0,70.0,95.0,110.0,130.0,310.0,370.0,1000.0,16.0,16.5,32.0,34.0,70.0,95.0,170.0,350.0,9.2,9.4,14.0,15.0,50.0,60.0,150.0,260.0,8.4,8.6,12.0,12.5,34.0,38.0,150.0,240.0,2.3,2.38,200.0,490.0,400.0,1000.0,33223296,47999.0,48044.0,58805.0,1.228116496,1.228116435,1.228116495,1.228116506,5.0,1.0,1,0,0,0,1,1,1,1,1,1,0,1,0,1,1,0,1,1,1,1,1,1
SPAIN - LALIGA2,2024-05-04,13:30:00,Racing Santander,Elche,2.66,2.72,2.92,3.0,3.45,3.5,1.95,1.98,2.02,2.06,1.8,1.85,2.18,2.24,11.5,13.0,10.5,12.0,17.5,19.0,40.0,46.0,10.5,11.0,7.2,7.6,12.0,13.0,29.0,34.0,15.0,17.0,11.0,12.0,16.0,17.5,40.0,44.0,34.0,40.0,26.0,29.0,38.0,44.0,50.0,100.0,21.0,24.0,24.0,29.0,20.0,940.0,33229453,24072.0,309111.0,58805.0,1.228218093,1.228218103,1.228218092,1.228218102,3.0,1.0,1,0,0,0,1,1,1,1,1,1,1,1,1,1,1,0,1,0,1,1,1,1
SPAIN - SEGUNDA RFEF,2024-05-04,13:30:00,Utebo FC,UD Logrones,3.9,4.8,2.1,2.42,2.88,3.4,1.54,1.67,2.48,2.86,2.08,2.44,1.7,1.93,4.1,9.0,3.9,7.8,4.8,13.0,6.2,30.0,4.8,12.5,3.95,14.0,4.8,13.0,6.2,32.0,6.2,32.0,5.6,20.0,6.0,27.0,7.0,70.0,3.05,1000.0,7.0,1000.0,7.2,1000.0,7.4,1000.0,1.55,1000.0,1.78,29.0,7.8,1000.0,33243687,7295691.0,4136687.0,58805.0,1.228452099,1.228452144,1.228452183,1.228452108,0.0,3.0,0,0,1,1,1,0,1,1,1,1,1,1,1,1,1,0,1,1,0,1,1,1
PORTUGAL - LIGA PORTUGAL,2024-05-04,14:00:00,Sporting CP,Portimonense,1.09,1.1,32.0,38.0,17.0,18.0,5.1,5.4,1.22,1.24,2.16,2.22,1.82,1.85,12.0,110.0,12.5,1000.0,13.0,410.0,13.5,1000.0,19.0,23.0,10.5,44.0,12.0,120.0,13.5,570.0,10.5,13.0,16.0,19.5,11.0,1000.0,13.0,300.0,8.8,11.0,12.0,15.0,32.0,44.0,13.0,240.0,1.75,2.0,13.5,540.0,13.5,1000.0,33232169,52495073.0,505982.0,58805.0,1.228264738,1.228264748,1.228264737,1.228264747,3.0,0.0,1,0,0,0,1,1,1,1,1,1,1,1,1,1,1,0,1,1,1,0,1,1
CROATIA - HNL,2024-05-04,14:30:00,Osijek,Lok. Zagreb,2.06,2.18,4.0,4.2,3.45,3.75,1.98,2.1,1.9,2.02,1.74,1.85,2.18,2.34,12.5,17.5,4.7,19.5,5.3,36.0,5.8,90.0,4.1,12.0,7.2,8.2,14.0,20.0,5.6,55.0,4.4,15.0,3.95,11.0,4.8,21.0,5.7,65.0,5.1,28.0,5.0,25.0,5.4,42.0,5.9,110.0,4.3,55.0,5.5,50.0,6.2,1000.0,33231852,16777.0,4057235.0,58805.0,1.228253527,1.228253572,1.228253611,1.228253536,3.0,1.0,1,0,0,0,1,1,1,1,1,1,1,1,1,1,1,0,1,0,1,1,1,1
POLAND - EKSTRAKLASA,2024-05-04,15:00:00,Stal Mielec,Jagiellonia,4.8,5.0,1.76,1.78,4.3,4.5,2.52,2.6,1.62,1.65,1.64,1.71,2.42,2.58,16.0,27.0,9.2,15.0,11.0,15.5,14.5,23.0,15.5,27.0,7.8,12.5,9.2,10.5,12.5,19.5,29.0,48.0,13.0,23.0,15.5,22.0,21.0,34.0,5.1,120.0,5.0,60.0,5.0,60.0,5.2,90.0,4.8,48.0,3.2,8.0,5.3,580.0,33231336,10133739.0,7391394.0,58805.0,1.228252653,1.228252698,1.228252737,1.228252662,3.0,2.0,1,0,0,0,1,1,1,1,1,1,1,1,0,1,1,0,1,1,1,1,0,1
ECUADOR - LIGA PRO,2024-05-04,15:00:00,Cumbaya,Macara,4.6,5.3,2.0,2.08,3.1,3.35,1.55,1.65,2.52,2.82,2.08,2.36,1.73,1.93,7.8,9.4,6.2,7.2,8.8,11.5,18.5,26.0,10.5,13.5,6.6,7.8,9.2,12.5,21.0,29.0,22.0,36.0,16.5,22.0,19.5,27.0,8.2,65.0,8.8,130.0,8.6,85.0,8.8,110.0,9.0,210.0,5.9,130.0,6.8,24.0,9.4,1000.0,33234368,25894882.0,6161547.0,58805.0,1.228304695,1.22830474,1.228304779,1.228304704,1.0,0.0,1,0,0,0,1,1,1,1,0,1,1,1,1,0,0,1,1,1,1,1,1,1
PERU - LIGA 1,2024-05-04,15:00:00,Los Chankas,Cusco,2.26,2.3,3.55,4.0,3.35,3.55,1.79,1.86,2.16,2.28,1.86,1.99,2.02,2.16,4.8,15.0,4.5,16.0,4.7,29.0,5.2,85.0,8.2,11.5,6.8,7.8,5.2,19.0,5.0,55.0,4.8,15.0,4.6,13.0,4.5,24.0,5.1,75.0,4.7,36.0,4.6,30.0,5.0,50.0,5.3,240.0,4.3,55.0,5.1,60.0,5.5,1000.0,33236025,65437610.0,27767097.0,58805.0,1.228331184,1.228331231,1.22833127,1.228331194,2.0,0.0,1,0,0,0,1,1,1,1,1,1,1,1,1,1,0,1,1,1,1,1,1,1
POLAND - DIVISION 1,2024-05-04,15:00:00,GKS Katowice,S. Rzeszow,1.7,1.82,5.2,6.0,3.8,4.2,1.85,2.0,2.0,2.18,1.89,2.02,1.98,2.14,11.5,14.5,15.0,19.0,4.8,46.0,2.54,150.0,7.0,9.0,7.8,9.8,5.6,24.0,2.52,85.0,8.4,11.0,8.8,11.5,18.0,25.0,2.52,95.0,14.0,19.0,15.5,21.0,6.2,1000.0,2.54,150.0,2.14,12.5,2.54,110.0,2.6,1000.0,33231332,3351396.0,5817456.0,58805.0,1.228252743,1.228252788,1.228252827,1.228252752,8.0,0.0,1,0,0,0,1,1,1,1,1,1,0,1,0,1,1,0,1,1,1,1,1,1
ENGLAND - LEAGUE ONE,2024-05-04,15:45:00,Oxford Utd,Peterborough,2.4,2.46,2.96,3.05,3.8,3.95,2.38,2.48,1.67,1.72,1.6,1.68,2.48,2.68,17.5,19.0,14.0,15.5,19.5,23.0,40.0,50.0,12.0,13.5,8.4,9.0,12.0,13.5,25.0,29.0,16.0,17.5,10.5,12.0,13.5,15.0,30.0,36.0,30.0,34.0,21.0,23.0,27.0,32.0,55.0,65.0,12.5,15.0,16.5,21.0,18.5,850.0,33229245,256171.0,18563.0,58805.0,1.228218488,1.228218533,1.228218572,1.228218497,1.0,0.0,1,0,0,0,1,1,1,1,0,1,1,1,1,0,0,1,1,1,1,1,1,1
BRAZIL - SERIE A,2024-05-04,16:00:00,Fluminense,Atletico-MG,3.7,3.8,2.3,2.32,3.3,3.4,1.69,1.72,2.38,2.44,2.0,2.08,1.93,2.0,10.0,10.5,7.8,8.2,12.0,13.0,25.0,29.0,11.0,12.0,6.8,7.2,10.5,11.5,25.0,28.0,23.0,25.0,14.5,15.5,19.5,21.0,42.0,48.0,65.0,75.0,46.0,55.0,60.0,70.0,80.0,150.0,50.0,60.0,23.0,25.0,23.0,1000.0,33215219,198133.0,361329.0,58805.0,1.227987895,1.227987879,1.227987894,1.227987904,2.0,2.0,0,1,0,1,0,1,1,1,1,1,1,1,1,1,1,0,1,1,1,1,1,1
SPAIN - LALIGA2,2024-05-04,16:00:00,FC Cartagena SAD,Alcorcon,2.24,2.28,4.5,4.7,2.92,3.05,1.41,1.42,3.4,3.45,2.58,2.7,1.59,1.64,5.9,6.6,9.6,10.5,26.0,30.0,15.0,180.0,5.6,6.0,6.8,7.4,18.0,22.0,65.0,100.0,10.0,12.0,11.0,13.0,30.0,34.0,15.5,160.0,24.0,32.0,34.0,38.0,60.0,90.0,19.0,350.0,30.0,42.0,15.5,190.0,17.0,1000.0,33231321,5740008.0,2250328.0,58805.0,1.228250275,1.228250285,1.228250274,1.228250284,1.0,0.0,1,0,0,0,1,1,1,1,0,1,1,1,1,0,0,1,1,1,1,1,1,1
CHILE - PRIMERA DIVISION,2024-05-04,16:00:00,Cobresal,Colo Colo,4.2,4.4,1.92,2.0,3.7,4.0,1.98,2.08,1.92,2.02,1.78,1.95,2.06,2.3,13.0,16.0,8.6,10.5,10.0,13.0,19.0,24.0,14.0,18.0,7.8,9.6,9.0,11.5,17.0,22.0,6.4,36.0,15.0,19.0,16.5,21.0,6.6,38.0,6.8,1000.0,6.4,60.0,6.4,65.0,6.8,1000.0,3.0,60.0,4.8,55.0,3.15,1000.0,33235195,5129865.0,330239.0,58805.0,1.228321212,1.228321257,1.228321296,1.228321221,2.0,2.0,0,1,0,1,0,1,1,1,1,1,1,1,1,1,1,0,1,1,1,1,1,1
PORTUGAL - LIGA PORTUGAL,2024-05-04,16:30:00,Chaves,FC Porto,11.0,12.0,1.3,1.31,6.6,7.0,2.74,2.82,1.55,1.57,1.96,2.08,1.93,2.04,24.0,28.0,10.0,11.0,8.0,8.6,9.6,10.5,36.0,42.0,13.5,15.5,10.0,10.5,12.0,13.5,17.0,110.0,36.0,42.0,25.0,29.0,29.0,32.0,19.0,630.0,17.5,180.0,85.0,140.0,18.5,150.0,18.0,170.0,3.75,4.4,18.0,1000.0,33232163,311029.0,48785.0,58805.0,1.228264846,1.228264856,1.228264845,1.228264855,0.0,3.0,0,0,1,1,1,0,1,1,1,1,1,1,1,1,1,0,1,1,0,1,1,1
BRAZIL - SERIE B,2024-05-04,17:00:00,Chapecoense-SC,America MG,3.15,3.25,2.8,2.92,2.94,3.05,1.57,1.6,2.66,2.78,2.06,2.22,1.81,1.93,7.6,8.6,7.8,8.6,14.5,17.5,38.0,46.0,8.4,9.6,6.4,7.0,12.0,14.5,34.0,42.0,16.5,20.0,13.0,15.0,21.0,23.0,48.0,70.0,10.5,60.0,40.0,46.0,11.0,75.0,12.0,980.0,10.5,60.0,17.5,50.0,13.0,1000.0,33231899,2909511.0,4516149.0,58805.0,1.228258042,1.228258052,1.228258041,1.228258051,2.0,2.0,0,1,0,1,0,1,1,1,1,1,1,1,1,1,1,0,1,1,1,1,1,1
ECUADOR - LIGA PRO,2024-05-04,17:30:00,Mushuc Runa,LDU Quito,3.7,4.2,2.14,2.3,3.5,3.7,2.24,2.34,1.75,1.8,1.37,2.3,1.77,110.0,1.1,1000.0,2.32,11.5,1.16,1000.0,3.55,1000.0,1.1,1000.0,1.45,9.2,1.1,11.5,6.2,24.0,3.65,1000.0,3.05,1000.0,8.6,1000.0,1.1,1000.0,2.9,1000.0,4.2,1000.0,10.0,1000.0,10.0,240.0,1.55,36.0,1.55,55.0,1.16,1000.0,33238257,8225986.0,474678.0,58805.0,1.228369731,1.228369776,1.228369815,1.22836974,0.0,1.0,0,0,1,1,1,0,0,1,1,1,1,1,1,0,0,1,1,1,1,1,1,1
PERU - LIGA 1,2024-05-04,17:30:00,Carlos Mannucci,Deportivo Garcilaso,2.46,2.54,3.0,3.2,3.4,3.8,1.94,2.02,1.99,2.06,1.71,1.93,2.08,2.42,11.0,16.5,10.5,14.5,4.6,23.0,3.1,55.0,3.15,12.0,6.6,14.0,4.3,15.5,5.2,38.0,12.0,20.0,9.8,13.5,4.6,22.0,4.0,55.0,5.3,44.0,20.0,29.0,5.3,1000.0,4.2,240.0,2.9,26.0,2.98,32.0,3.25,1000.0,33236026,9569210.0,12104874.0,58805.0,1.228331458,1.228331503,1.228331542,1.228331467,1.0,1.0,0,1,0,1,0,1,1,1,1,1,1,1,1,1,0,1,1,1,1,1,1,1
PERU - LIGA 1,2024-05-04,17:30:00,Comerciantes Unidos,Union Comercio,2.46,2.74,2.92,3.4,3.2,3.7,1.76,1.84,2.18,2.32,1.12,1000.0,1.12,1000.0,1.1,1000.0,1.1,1000.0,1.1,1000.0,1.1,1000.0,1.1,1000.0,1.02,14.0,1.1,1000.0,1.1,1000.0,1.1,1000.0,1.1,1000.0,1.1,1000.0,1.1,1000.0,1.1,1000.0,1.1,1000.0,1.1,1000.0,1.1,1000.0,1.55,55.0,1.55,1000.0,1.1,1000.0,33236036,10778457.0,5481419.0,58805.0,1.228331368,1.228331413,1.228331452,1.228331377,3.0,1.0,1,0,0,0,1,1,1,1,1,1,1,1,1,1,1,0,1,0,1,1,1,1
BRAZIL - SERIE B,2024-05-04,18:00:00,Vila Nova FC,Operario,2.16,2.26,4.1,4.6,3.05,3.25,1.47,1.52,2.92,3.15,2.22,2.6,1.62,1.82,6.8,7.8,9.0,11.5,21.0,980.0,8.6,980.0,6.0,6.8,6.6,7.8,16.0,980.0,8.4,980.0,9.4,12.5,10.0,13.5,7.2,980.0,8.8,980.0,21.0,980.0,26.0,980.0,8.4,980.0,9.0,980.0,7.4,980.0,8.8,980.0,9.4,1000.0,33231923,376829.0,6219238.0,58805.0,1.228257826,1.228257836,1.228257825,1.228257835,1.0,0.0,1,0,0,0,1,1,1,1,0,1,1,1,1,0,0,1,1,1,1,1,1,1
VENEZUELA - LIGA FUTVE,2024-05-04,18:00:00,La Guaira,Metropolitanos,2.18,3.05,2.84,4.1,2.72,4.1,1.64,1.8,2.24,2.58,1.92,2.16,1.86,2.08,3.2,12.5,3.2,13.0,3.7,26.0,1.37,1000.0,3.05,11.0,2.9,9.0,3.45,18.0,1.3,1000.0,3.45,18.5,3.35,15.0,3.7,26.0,1.3,1000.0,3.9,1000.0,3.85,1000.0,1.16,1000.0,4.2,1000.0,1.08,1000.0,1.08,1000.0,1.08,1000.0,33245896,7658015.0,8761113.0,58805.0,1.228497107,1.228497152,1.228497191,1.228497116,1.0,2.0,0,0,1,1,1,0,1,1,1,1,1,1,1,1,1,0,1,1,1,1,1,1
BRAZIL - SERIE A,2024-05-04,18:30:00,Bragantino,Flamengo RJ,3.15,3.2,2.6,2.64,3.3,3.4,1.75,1.78,2.28,2.34,1.93,2.02,1.99,2.08,10.0,11.0,8.8,9.4,14.5,16.0,34.0,40.0,9.6,11.0,7.0,7.2,11.0,12.5,29.0,32.0,18.0,19.0,12.5,13.5,18.5,20.0,44.0,50.0,48.0,55.0,36.0,40.0,50.0,60.0,95.0,130.0,36.0,42.0,27.0,32.0,19.0,1000.0,33215227,4701919.0,198138.0,58805.0,1.227987655,1.227987639,1.227987654,1.227987664,1.0,1.0,0,1,0,1,0,1,1,1,1,1,1,1,1,1,0,1,1,1,1,1,1,1
COLOMBIA - PRIMERA A,2024-05-04,19:00:00,Pereira,Bucaramanga,2.28,2.38,3.9,4.3,2.98,3.1,1.51,1.55,2.8,2.98,2.1,2.3,1.76,1.91,7.0,9.6,9.4,11.5,5.0,32.0,4.9,110.0,6.0,8.0,6.2,7.8,14.5,22.0,4.9,85.0,9.8,15.5,10.0,15.5,20.0,32.0,5.0,120.0,23.0,40.0,22.0,42.0,5.0,80.0,5.1,260.0,4.6,40.0,5.0,120.0,5.2,1000.0,33235375,5284708.0,7227021.0,58805.0,1.228323058,1.228323103,1.228323142,1.228323067,1.0,0.0,1,0,0,0,1,1,1,1,0,1,1,1,1,0,0,1,1,1,1,1,1,1
ECUADOR - LIGA PRO,2024-05-04,20:00:00,Delfin,Barcelona SC,3.65,4.0,2.2,2.28,3.3,3.55,1.76,1.82,2.22,2.3,1.92,2.04,1.97,2.1,10.0,12.5,4.5,9.2,5.6,13.5,6.8,29.0,11.0,14.0,7.0,8.6,4.9,12.0,6.4,27.0,6.4,28.0,13.5,17.5,6.4,22.0,7.0,48.0,7.4,80.0,7.2,55.0,7.4,70.0,7.8,140.0,4.0,60.0,5.9,21.0,4.3,1000.0,33238810,10778437.0,13749040.0,58805.0,1.228381286,1.228381331,1.22838137,1.228381295,1.0,3.0,0,0,1,1,1,0,1,1,1,1,1,1,1,1,1,0,0,1,1,1,1,1
USA - MLS,2024-05-04,20:30:00,Toronto FC,FC Dallas,2.2,2.24,3.6,3.65,3.6,3.65,1.93,1.95,2.04,2.08,1.81,1.9,2.12,2.24,12.0,13.5,12.0,13.5,23.0,26.0,65.0,75.0,9.2,9.4,7.2,7.8,14.0,15.0,40.0,46.0,12.0,13.5,10.0,11.5,17.0,18.0,48.0,55.0,24.0,27.0,22.0,23.0,36.0,42.0,90.0,110.0,17.0,18.0,40.0,50.0,21.0,1000.0,33214898,2362969.0,2937353.0,58805.0,1.228106416,1.228106419,1.228106463,1.228106464,3.0,1.0,1,0,0,0,1,1,1,1,1,1,1,1,1,1,1,0,1,0,1,1,1,1
USA - MLS,2024-05-04,20:30:00,DC United,Philadelphia Union,2.32,2.34,3.25,3.3,3.75,3.8,2.48,2.52,1.66,1.68,1.57,1.63,2.58,2.76,19.5,20.0,16.5,18.0,23.0,25.0,48.0,55.0,13.0,14.0,8.4,9.0,13.0,13.5,28.0,32.0,16.5,17.0,10.5,11.5,13.0,14.5,29.0,32.0,29.0,32.0,19.5,21.0,26.0,28.0,38.0,60.0,11.5,13.0,19.5,22.0,22.0,980.0,33214899,436099.0,4589333.0,58805.0,1.228104626,1.228104629,1.228104673,1.228104674,2.0,2.0,0,1,0,1,0,1,1,1,1,1,1,1,1,1,1,0,1,1,1,1,1,1
USA - MLS,2024-05-04,20:30:00,Orlando City,FC Cincinnati,2.28,2.32,3.45,3.5,3.6,3.7,2.08,2.12,1.9,1.93,1.75,1.8,2.24,2.34,13.5,15.0,13.0,14.5,22.0,24.0,50.0,60.0,10.0,11.0,7.6,8.4,13.0,14.5,34.0,38.0,13.5,14.5,10.0,11.0,15.5,17.5,42.0,46.0,26.0,29.0,21.0,23.0,32.0,36.0,65.0,85.0,14.5,16.0,29.0,34.0,19.0,980.0,33214897,5640226.0,10962520.0,58805.0,1.228105433,1.228105436,1.22810548,1.228105481,0.0,1.0,0,0,1,1,1,0,0,1,1,1,1,1,1,0,0,1,1,1,1,1,1,1
USA - MLS,2024-05-04,20:30:00,Inter Miami,New York Red Bulls,2.0,2.02,3.9,4.0,3.95,4.1,2.46,2.52,1.66,1.69,1.62,1.68,2.48,2.62,18.0,21.0,17.0,19.0,28.0,32.0,60.0,70.0,11.5,12.5,8.8,9.4,14.5,15.0,34.0,40.0,13.0,14.0,9.8,10.5,14.5,15.5,38.0,42.0,22.0,24.0,17.5,18.5,25.0,28.0,48.0,70.0,9.4,10.5,26.0,30.0,21.0,980.0,33214900,27785243.0,2362970.0,58805.0,1.228105094,1.228105097,1.228105142,1.228105146,6.0,2.0,1,0,0,0,1,1,1,1,1,1,0,1,0,1,1,0,1,1,1,1,1,1
USA - MLS,2024-05-04,20:30:00,Charlotte,Portland Timbers,2.04,2.06,3.75,3.85,3.95,4.1,2.36,2.42,1.71,1.74,1.64,1.7,2.44,2.58,17.5,19.5,17.0,18.5,27.0,32.0,50.0,75.0,11.5,12.5,8.4,9.2,14.0,15.0,34.0,40.0,12.5,14.0,9.8,10.5,15.0,17.0,38.0,44.0,22.0,25.0,17.0,19.0,26.0,30.0,55.0,75.0,10.0,11.0,27.0,32.0,16.5,980.0,33214920,42741188.0,4004854.0,58805.0,1.228104506,1.228104509,1.228104553,1.228104554,2.0,0.0,1,0,0,0,1,1,1,1,1,1,1,1,1,1,0,1,1,1,1,1,1,1
USA - MLS,2024-05-04,20:30:00,San Jose Earthquakes,Los Angeles FC,3.4,3.45,2.2,2.22,3.85,3.9,2.38,2.44,1.7,1.73,1.63,1.68,2.48,2.6,18.0,19.5,12.0,12.5,14.0,15.5,25.0,28.0,15.5,17.0,8.4,9.2,10.0,10.5,18.5,20.0,26.0,28.0,13.0,14.5,14.5,15.5,26.0,28.0,55.0,65.0,36.0,38.0,38.0,40.0,55.0,65.0,24.0,25.0,10.5,12.0,22.0,1000.0,33214894,408102.0,17268707.0,58805.0,1.228105759,1.228105762,1.228105806,1.228105807,3.0,1.0,1,0,0,0,1,1,1,1,1,1,1,1,1,1,1,0,1,0,1,1,1,1
USA - MLS,2024-05-04,20:30:00,Atlanta Utd,Minnesota United,1.77,1.79,4.6,4.7,4.5,4.6,3.25,3.4,1.43,1.44,1.47,1.53,2.92,3.15,30.0,36.0,30.0,32.0,44.0,46.0,80.0,100.0,16.0,17.0,11.0,12.0,17.5,18.5,40.0,42.0,14.5,15.5,10.0,10.5,13.5,15.0,34.0,38.0,19.0,21.0,14.0,15.5,19.0,20.0,32.0,48.0,5.6,5.8,23.0,24.0,25.0,980.0,33214892,12592557.0,7533070.0,58805.0,1.228104181,1.228104184,1.228104228,1.228104229,1.0,2.0,0,0,1,1,1,0,1,1,1,1,1,1,1,1,1,0,1,1,1,1,1,1
PARAGUAY - PRIMERA DIVISION,2024-05-04,20:30:00,Tacuary,Sportivo Trinidense,2.42,2.58,3.1,3.45,3.25,3.6,1.79,1.88,2.14,2.28,1.84,1.99,2.02,2.18,8.8,14.0,8.8,14.0,14.5,24.0,4.5,60.0,7.6,12.0,5.9,9.2,10.0,16.5,4.4,44.0,11.5,18.5,9.0,14.5,14.0,23.0,4.5,65.0,4.3,42.0,21.0,34.0,4.5,55.0,4.7,1000.0,4.1,28.0,4.3,42.0,4.9,1000.0,33243747,5324970.0,56264858.0,58805.0,1.228451807,1.228451852,1.228451891,1.228451816,0.0,0.0,0,1,0,1,0,1,1,1,1,0,1,1,1,0,0,1,1,1,1,1,1,1
VENEZUELA - LIGA FUTVE,2024-05-04,20:30:00,Inter de Barinas,Universidad Central,1.42,1000.0,1.42,1000.0,1.01,3.5,1.03,8.8,1.13,110.0,1.12,1000.0,1.12,1000.0,1.01,1000.0,2.4,1000.0,2.9,1000.0,4.1,1000.0,2.42,1000.0,1.01,1000.0,3.75,1000.0,6.4,1000.0,2.96,1000.0,4.6,1000.0,5.3,1000.0,7.0,1000.0,4.0,1000.0,5.5,1000.0,9.4,1000.0,15.0,1000.0,1.01,1000.0,1.01,1000.0,1.03,1000.0,33246880,18110373.0,39170146.0,58805.0,1.22851448,1.228514525,1.228514564,1.228514489,1.0,1.0,0,1,0,1,0,1,1,1,1,1,1,1,1,1,0,1,1,1,1,1,1,1
BRAZIL - SERIE A,2024-05-04,21:00:00,Corinthians,Fortaleza,2.18,2.22,4.1,4.4,3.1,3.35,1.53,1.59,2.7,2.9,2.2,2.38,1.74,1.82,7.8,8.2,10.0,11.0,24.0,27.0,46.0,110.0,6.8,7.0,6.8,7.2,16.0,17.0,60.0,70.0,11.0,12.0,10.5,12.0,23.0,25.0,55.0,110.0,29.0,30.0,28.0,32.0,55.0,65.0,48.0,230.0,26.0,32.0,42.0,120.0,21.0,1000.0,33215224,198136.0,5287007.0,58805.0,1.227987775,1.227987759,1.227987774,1.227987784,0.0,0.0,0,1,0,1,0,1,1,1,1,0,1,1,1,0,0,1,1,1,1,1,1,1
BRAZIL - SERIE B,2024-05-04,21:00:00,Ituano,Novorizontino,3.55,3.9,2.32,2.44,3.1,3.35,1.56,1.68,2.46,2.8,2.06,2.22,1.81,1.93,7.4,10.5,6.6,9.4,12.0,16.5,4.9,42.0,8.6,12.0,6.4,7.8,11.0,14.5,4.9,40.0,18.5,27.0,13.5,18.5,19.5,27.0,5.2,980.0,5.2,980.0,5.1,980.0,5.2,980.0,5.4,980.0,5.2,980.0,4.8,36.0,5.6,1000.0,33231806,1040280.0,9173038.0,58805.0,1.22825815,1.22825816,1.228258149,1.228258159,1.0,3.0,0,0,1,1,1,0,1,1,1,1,1,1,1,1,1,0,0,1,1,1,1,1
CHILE - PRIMERA DIVISION,2024-05-04,21:00:00,U. Espanola,U. Catolica,2.4,2.56,2.94,3.05,3.55,3.9,2.08,2.24,1.81,1.92,1.68,1.84,2.2,2.48,11.5,19.0,10.0,16.5,15.5,26.0,3.15,60.0,9.0,12.5,7.4,8.6,10.0,16.5,4.9,40.0,12.0,19.5,8.6,14.0,13.5,21.0,30.0,50.0,4.9,40.0,18.0,30.0,27.0,44.0,3.2,1000.0,2.84,21.0,2.98,32.0,3.25,1000.0,33230151,1388376.0,7029037.0,58805.0,1.228225695,1.22822574,1.228225779,1.228225704,1.0,2.0,0,0,1,1,1,0,1,1,1,1,1,1,1,1,1,0,1,1,1,1,1,1
COLOMBIA - PRIMERA A,2024-05-04,21:15:00,Junior,Millonarios,2.08,2.24,4.0,4.6,3.1,3.35,1.58,1.73,2.36,2.74,2.02,2.3,1.78,1.97,8.0,11.0,10.0,16.0,21.0,34.0,5.1,1000.0,6.6,8.8,3.35,8.4,13.0,21.0,3.15,1000.0,9.8,14.5,3.85,13.5,2.92,26.0,2.04,110.0,21.0,30.0,2.98,30.0,2.84,70.0,2.82,1000.0,2.58,28.0,2.06,1000.0,2.08,1000.0,33235377,22018255.0,900849.0,58805.0,1.228323148,1.228323193,1.228323232,1.228323157,2.0,1.0,1,0,0,0,1,1,1,1,1,1,1,1,1,1,1,0,1,1,1,1,1,1
USA - MLS,2024-05-04,21:30:00,Houston Dynamo,St. Louis City,2.14,2.18,3.7,3.8,3.6,3.75,1.99,2.04,1.96,2.02,1.78,1.81,2.22,2.3,13.0,14.0,13.5,15.0,23.0,27.0,55.0,70.0,9.4,10.5,7.6,8.0,14.0,15.5,38.0,44.0,12.0,13.5,10.0,11.0,16.0,18.0,46.0,55.0,24.0,26.0,20.0,23.0,32.0,38.0,70.0,95.0,13.5,15.5,32.0,42.0,17.0,980.0,33214902,1432923.0,52290449.0,58805.0,1.228106896,1.228106899,1.228106943,1.228106944,0.0,0.0,0,1,0,1,0,1,1,1,1,0,1,1,1,0,0,1,1,1,1,1,1,1
USA - MLS,2024-05-04,21:30:00,Nashville SC,CF Montreal,1.92,1.93,4.6,4.8,3.7,3.8,1.96,1.99,2.02,2.04,1.88,1.91,2.1,2.14,12.5,13.5,14.5,16.5,30.0,34.0,70.0,110.0,8.2,8.8,7.8,8.6,16.5,18.0,50.0,60.0,10.5,11.5,9.6,10.5,18.0,19.5,55.0,70.0,19.0,21.0,17.5,19.5,34.0,36.0,80.0,110.0,12.0,13.5,50.0,65.0,19.0,1000.0,33214922,17790476.0,42741189.0,58805.0,1.228107229,1.228107232,1.228107276,1.228107277,4.0,1.0,1,0,0,0,1,1,1,1,1,1,0,1,0,1,1,0,1,1,1,1,1,1
USA - MLS,2024-05-04,21:30:00,Chicago Fire,New England Revolution,2.06,2.14,3.55,3.75,3.9,4.2,2.32,2.46,1.69,1.76,1.62,1.71,2.42,2.62,17.5,22.0,15.5,19.0,27.0,32.0,55.0,70.0,11.5,12.5,8.4,9.2,13.5,15.5,36.0,40.0,13.5,15.5,9.8,10.5,14.5,16.5,36.0,44.0,21.0,27.0,17.0,19.5,26.0,32.0,55.0,75.0,9.6,11.5,27.0,29.0,12.0,980.0,33214914,226469.0,171907.0,58805.0,1.228106569,1.228106572,1.228106616,1.228106617,0.0,1.0,0,0,1,1,1,0,0,1,1,1,1,1,1,0,0,1,1,1,1,1,1,1
USA - MLS,2024-05-04,22:30:00,Real Salt Lake,Sporting Kansas City,1.7,1.72,5.6,5.7,4.2,4.3,2.3,2.42,1.73,1.77,1.73,1.81,2.24,2.38,17.5,19.5,20.0,23.0,36.0,44.0,90.0,130.0,10.0,11.0,9.0,9.8,19.5,21.0,55.0,65.0,10.0,11.5,9.2,10.5,16.5,18.5,55.0,65.0,16.0,17.0,14.5,16.5,26.0,29.0,60.0,85.0,7.2,8.2,40.0,60.0,15.5,980.0,33214885,1101610.0,171912.0,58805.0,1.228107449,1.228107452,1.228107496,1.228107497,1.0,0.0,1,0,0,0,1,1,1,1,0,1,1,1,1,0,0,1,1,1,1,1,1,1
USA - MLS,2024-05-04,23:30:00,Vancouver Whitecaps,Austin FC,1.64,1.66,6.0,6.2,4.3,4.5,2.42,2.5,1.67,1.7,1.73,1.81,2.24,2.38,18.5,21.0,22.0,27.0,42.0,50.0,42.0,150.0,10.0,11.0,9.4,10.0,20.0,22.0,55.0,75.0,10.0,11.0,9.2,9.8,17.0,19.0,55.0,70.0,14.5,16.5,14.0,15.5,25.0,29.0,60.0,85.0,6.8,7.2,48.0,65.0,18.5,980.0,33214881,5383053.0,39013198.0,58805.0,1.228107884,1.228107887,1.228107931,1.228107932,0.0,0.0,0,1,0,1,0,1,1,1,1,0,1,1,1,0,0,1,1,1,1,1,1,1
ENGLAND - CHAMPIONSHIP,2024-05-26,11:00:00,Leeds,Southampton,2.44,2.46,3.3,3.35,3.4,3.45,1.93,1.95,2.04,2.08,1.84,1.89,2.12,2.2,12.0,12.5,12.0,12.5,20.0,21.0,50.0,55.0,9.8,10.0,7.4,7.6,13.5,14.0,32.0,34.0,14.0,14.5,11.0,11.5,17.0,17.5,42.0,44.0,30.0,34.0,22.0,24.0,34.0,36.0,60.0,75.0,20.0,21.0,32.0,36.0,280.0,700.0,33283286,48317.0,58943.0,58805.0,1.229074008,1.229073992,1.229074007,1.229074017,1.0,2.0,0,0,1,1,1,0,1,1,1,1,1,1,1,1,1,0,1,1,1,1,1,1
URUGUAY - PRIMERA DIVISION,2024-07-13,17:30:00,Boston River,Miramar,2.22,2.32,3.55,3.85,3.35,3.6,1.72,1.78,2.28,2.4,1.95,2.06,1.94,2.06,9.6,11.5,10.5,13.0,20.0,40.0,48.0,75.0,7.6,9.2,6.8,8.2,13.5,17.0,38.0,55.0,11.0,13.5,10.0,12.5,18.0,36.0,32.0,70.0,21.0,34.0,22.0,28.0,30.0,55.0,42.0,150.0,16.5,29.0,38.0,60.0,60.0,1000.0,33401290,9484111.0,5300627.0,58805.0,1.230510563,1.230510608,1.230510647,1.230510572,3.0,1.0,1,0,0,0,1,1,1,1,1,1,1,1,1,1,1,0,1,0,1,1,1,1
URUGUAY - PRIMERA DIVISION,2024-07-14,17:30:00,Wanderers,Progreso,2.46,2.56,3.3,3.45,3.15,3.35,1.73,1.8,2.26,2.38,1.92,2.04,1.97,2.1,9.6,12.0,10.0,11.5,17.0,980.0,7.8,980.0,7.8,980.0,6.6,7.6,12.5,15.5,7.4,980.0,13.0,16.5,10.5,13.5,16.5,22.0,7.8,980.0,28.0,980.0,7.6,980.0,7.6,980.0,8.4,980.0,6.6,28.0,7.4,980.0,8.8,1000.0,33401146,2794560.0,6607289.0,58805.0,1.230510202,1.230510247,1.230510286,1.230510211,2.0,0.0,1,0,0,0,1,1,1,1,1,1,1,1,1,1,0,1,1,1,1,1,1,1
ESTONIA - MEISTRILIIGA,2024-07-21,13:00:00,Paide,Tallinna Kalev,1.36,1.41,9.0,9.8,5.5,6.2,2.66,2.86,1.54,1.6,1.82,1.94,2.06,2.22,4.3,980.0,4.5,980.0,4.8,980.0,5.0,980.0,10.0,13.0,11.5,15.0,7.6,980.0,4.9,980.0,8.6,10.5,8.4,12.0,20.0,980.0,4.8,980.0,10.5,980.0,12.0,980.0,7.4,980.0,4.9,980.0,2.46,4.8,4.9,980.0,5.0,1000.0,33416311,5407316.0,5924203.0,58805.0,1.23071047,1.230710515,1.230710554,1.230710479,2.0,0.0,1,0,0,0,1,1,1,1,1,1,1,1,1,1,0,1,1,1,1,1,1,1
ENGLAND - CHAMPIONSHIP,2024-08-17,11:00:00,Plymouth,Hull,2.94,2.98,2.48,2.5,3.8,3.85,2.28,2.44,1.7,1.78,1.62,1.69,2.46,2.62,16.5,17.5,12.0,13.5,16.0,18.0,30.0,34.0,13.5,15.0,8.2,8.8,11.5,12.5,21.0,24.0,20.0,22.0,12.0,13.0,14.0,15.0,28.0,32.0,40.0,44.0,26.0,28.0,32.0,36.0,55.0,70.0,18.0,20.0,13.5,15.5,150.0,980.0,33483400,148733.0,70385.0,58805.0,1.231660971,1.231660981,1.23166097,1.23166098,1.0,0.0,1,0,0,0,1,1,1,1,0,1,1,1,1,0,0,1,1,1,1,1,1,1
ENGLAND - CHAMPIONSHIP,2024-08-18,08:00:00,Sunderland,Sheffield Wed,2.28,2.32,3.45,3.5,3.55,3.6,1.94,1.99,2.02,2.06,1.83,1.86,2.16,2.22,13.0,13.5,13.0,14.0,21.0,23.0,50.0,60.0,9.6,10.0,7.4,7.6,13.5,14.5,36.0,40.0,13.5,14.5,10.0,11.5,16.5,17.5,46.0,50.0,26.0,28.0,22.0,24.0,36.0,42.0,85.0,95.0,17.5,19.5,34.0,38.0,270.0,980.0,33483420,62783.0,47992.0,58805.0,1.231661403,1.231661413,1.231661402,1.231661412,0.0,2.0,0,0,1,1,1,0,1,0,1,1,1,1,1,1,0,1,1,1,1,1,1,1
SCOTLAND - LEAGUE ONE,2024-08-24,13:30:00,Montrose,Queen of South,2.38,2.8,2.76,3.35,3.0,3.85,1.86,2.26,1.79,2.16,1.63,2.06,1.95,2.58,2.82,980.0,2.76,980.0,2.9,980.0,1.34,1000.0,3.05,980.0,3.1,980.0,2.82,980.0,1.31,980.0,2.9,980.0,2.74,980.0,2.8,980.0,1.34,1000.0,1.34,980.0,1.48,980.0,1.31,980.0,1.33,980.0,1.55,980.0,1.55,980.0,1.34,1000.0,33505399,674746.0,674744.0,58805.0,1.231969887,1.231969932,1.231969971,1.231969896,3.0,2.0,1,0,0,0,1,1,1,1,1,1,1,1,0,1,1,0,1,1,1,1,0,1
SCOTLAND - PREMIERSHIP,2024-08-31,11:00:00,Dundee FC,St. Mirren,2.26,2.28,3.55,3.7,3.5,3.6,1.92,1.96,2.04,2.08,1.82,1.88,2.14,2.22,12.0,13.0,12.0,13.5,22.0,26.0,38.0,70.0,9.2,9.6,7.2,7.8,13.0,14.5,36.0,42.0,12.5,14.0,10.0,11.0,16.5,18.5,46.0,55.0,25.0,29.0,22.0,25.0,34.0,40.0,75.0,100.0,15.0,18.5,34.0,44.0,21.0,1000.0,33483809,13133.0,674748.0,58805.0,1.231666629,1.231666639,1.231666628,1.231666638,1.0,3.0,0,0,1,1,1,0,1,1,1,1,1,1,1,1,1,0,0,1,1,1,1,1
ESTONIA - MEISTRILIIGA,2024-09-01,08:30:00,Nomme Utd,Kuressaare,2.76,3.3,2.28,2.5,3.65,4.4,2.22,2.46,1.69,1.81,1.57,1.78,2.28,2.76,4.0,980.0,3.8,980.0,12.5,980.0,4.4,980.0,11.0,980.0,6.8,9.4,8.6,40.0,16.5,980.0,16.5,980.0,3.8,980.0,12.0,980.0,4.4,980.0,4.6,980.0,4.4,980.0,4.4,980.0,3.75,1000.0,2.62,980.0,3.9,980.0,2.26,1000.0,33528729,10443529.0,5407305.0,58805.0,1.232309779,1.232309824,1.232309863,1.232309788,1.0,1.0,0,1,0,1,0,1,1,1,1,1,1,1,1,1,0,1,1,1,1,1,1,1
SLOVAKIA - NIKE LIGA,2024-09-01,10:30:00,Slovan Bratislava,Zilina,1.92,2.1,3.5,4.0,4.0,4.7,2.48,2.74,1.58,1.67,1.53,1.72,2.4,2.86,5.9,980.0,5.6,980.0,6.2,980.0,7.0,980.0,11.0,980.0,8.2,980.0,5.3,980.0,6.4,980.0,5.2,980.0,4.7,980.0,13.0,980.0,6.4,980.0,5.9,980.0,5.5,980.0,6.0,980.0,6.8,980.0,4.3,10.0,6.0,980.0,7.6,980.0,33527616,46933.0,189806.0,58805.0,1.232291104,1.232291149,1.232291188,1.232291113,2.0,3.0,0,0,1,1,1,0,1,1,1,1,1,1,0,1,1,0,1,1,1,1,1,0
SWITZERLAND - SUPER LEAGUE,2024-09-01,11:30:00,Lugano,St. Gallen,2.26,2.3,3.1,3.2,4.0,4.1,2.68,2.76,1.57,1.6,1.5,1.58,2.74,3.0,6.2,32.0,15.0,20.0,21.0,28.0,6.2,55.0,12.5,16.5,8.2,11.0,11.0,15.0,6.2,34.0,15.0,20.0,9.4,12.5,12.0,16.0,6.2,34.0,6.2,34.0,17.5,24.0,20.0,28.0,21.0,60.0,5.7,12.5,5.2,20.0,7.0,980.0,33526235,65780.0,6392.0,58805.0,1.232275234,1.232275244,1.232275233,1.232275243,0.0,1.0,0,0,1,1,1,0,0,1,1,1,1,1,1,0,0,1,1,1,1,1,1,1
SLOVAKIA - NIKE LIGA,2024-09-01,13:00:00,Trnava,Ruzomberok,1.47,1.54,8.4,10.0,4.2,4.7,1.78,1.9,2.12,2.3,2.28,2.52,1.66,1.78,10.0,14.0,5.6,980.0,6.6,980.0,12.0,1000.0,5.8,7.6,8.4,11.5,6.0,980.0,7.0,980.0,6.2,8.2,8.8,12.0,6.0,980.0,7.6,980.0,10.0,980.0,14.5,980.0,6.4,980.0,7.0,1000.0,4.1,55.0,7.0,1000.0,7.2,1000.0,33526579,427643.0,52764.0,58805.0,1.232274275,1.23227432,1.232274359,1.232274284,1.0,0.0,1,0,0,0,1,1,1,1,0,1,1,1,1,0,0,1,1,1,1,1,1,1
SCOTLAND - PREMIERSHIP,2024-09-14,11:00:00,Celtic,Hearts,1.2,1.21,18.0,19.0,8.8,9.0,3.55,3.95,1.34,1.39,2.0,2.08,1.94,2.0,9.0,65.0,9.2,85.0,10.0,210.0,10.0,720.0,11.5,16.0,17.5,24.0,9.0,65.0,10.0,270.0,8.2,11.0,10.5,14.5,8.4,40.0,9.8,170.0,8.0,9.8,12.0,13.5,8.2,38.0,9.8,160.0,2.28,2.94,10.0,250.0,21.0,1000.0,33528688,52495022.0,47993.0,58805.0,1.232308121,1.232308133,1.23230812,1.232308131,3.0,0.0,1,0,0,0,1,1,1,1,1,1,1,1,1,1,1,0,1,1,1,0,1,1
BELGIUM - JUPILER PRO LEAGUE,2024-09-14,11:00:00,Cercle Brugge KSV,Genk,2.84,2.92,2.48,2.54,3.9,3.95,2.58,2.76,1.57,1.63,1.52,1.53,2.88,2.94,17.5,29.0,12.5,20.0,15.0,24.0,4.3,42.0,13.0,22.0,8.4,11.5,11.0,15.0,16.5,27.0,17.0,29.0,9.8,16.0,10.5,18.0,20.0,36.0,4.2,55.0,18.5,32.0,22.0,38.0,4.2,65.0,3.6,18.5,3.5,15.5,4.4,850.0,33565519,259394.0,14072.0,58805.0,1.232760334,1.232760354,1.232760333,1.23276035,4.0,1.0,1,0,0,0,1,1,1,1,1,1,0,1,0,1,1,0,1,1,1,1,1,1
FINLAND - YKKONEN,2024-09-22,10:00:00,Rovaniemi,Klubi 04,1.15,1000.0,1.4,1000.0,1.15,7.6,1.02,1000.0,1.01,110.0,1.01,1000.0,1.01,1000.0,1.01,1000.0,1.01,1000.0,1.01,1000.0,1.01,1000.0,1.01,1000.0,1.01,1000.0,1.01,1000.0,1.01,1000.0,1.01,1000.0,1.01,1000.0,1.01,1000.0,1.01,1000.0,1.01,1000.0,1.01,1000.0,1.01,1000.0,1.01,1000.0,1.01,1000.0,1.01,1000.0,1.01,1000.0,33611840,396725.0,798978.0,58805.0,1.233309827,1.233309872,1.233309911,1.233309836,0.0,1.0,0,0,1,1,1,0,0,1,1,1,1,1,1,0,0,1,1,1,1,1,1,1
SCOTLAND - LEAGUE TWO,2024-09-28,11:00:00,Bonnyrigg Rose,Forfar Athletic,2.3,2.5,3.2,3.7,3.3,3.75,1.83,1.99,2.02,2.2,1.78,1.95,2.04,2.3,9.6,16.0,9.6,16.0,17.0,29.0,4.0,75.0,7.4,12.5,6.0,9.6,10.5,18.0,3.9,50.0,10.5,18.0,8.4,14.0,3.6,23.0,4.0,65.0,3.8,38.0,18.5,32.0,3.9,50.0,4.1,130.0,3.6,24.0,3.9,48.0,4.2,1000.0,33614393,12549240.0,729805.0,58805.0,1.233345979,1.233346024,1.233346063,1.233345988,4.0,0.0,1,0,0,0,1,1,1,1,1,1,0,1,1,1,1,0,1,1,1,1,1,1
FINLAND - VEIKKAUSLIIGA,2024-10-05,11:00:00,SJK,KuPS,3.1,3.15,2.26,2.3,4.0,4.2,2.66,2.74,1.58,1.61,1.54,1.58,2.72,2.84,20.0,23.0,14.0,15.5,16.5,17.5,27.0,30.0,16.5,18.5,9.0,9.2,10.5,11.5,20.0,21.0,23.0,26.0,12.5,13.5,13.5,14.5,24.0,26.0,44.0,50.0,27.0,30.0,28.0,38.0,46.0,55.0,15.5,18.5,10.5,11.5,22.0,850.0,33643053,5418845.0,139510.0,58805.0,1.233749325,1.23374937,1.233749409,1.233749334,1.0,1.0,0,1,0,1,0,1,1,1,1,1,1,1,1,1,0,1,1,1,1,1,1,1
SLOVENIA - PRVA LIGA,2024-10-06,12:30:00,Maribor,Celje,2.06,2.16,3.5,4.0,3.5,4.0,2.0,2.14,1.88,1.99,1.66,1.88,2.12,2.52,13.0,18.0,12.0,16.5,5.8,30.0,6.4,75.0,8.4,11.5,6.8,9.0,12.0,16.0,6.2,46.0,11.0,15.5,8.6,11.5,14.0,19.0,6.2,55.0,5.7,29.0,5.5,25.0,6.0,38.0,6.6,240.0,5.0,55.0,6.0,190.0,7.0,1000.0,33644426,44625.0,3188553.0,58805.0,1.233768964,1.233769009,1.233769048,1.233768973,3.0,1.0,1,0,0,0,1,1,1,1,1,1,1,1,1,1,1,0,1,0,1,1,1,1
ENGLAND - CHAMPIONSHIP,2024-10-22,15:45:00,Stoke,Bristol City,2.46,2.48,3.15,3.2,3.55,3.6,1.94,1.98,2.02,2.06,1.79,1.85,2.18,2.26,13.5,14.0,11.5,12.5,19.5,21.0,44.0,55.0,10.0,10.5,7.2,7.6,12.0,13.0,30.0,36.0,14.5,15.5,10.5,11.5,16.0,17.0,42.0,46.0,30.0,34.0,23.0,26.0,36.0,40.0,70.0,90.0,18.5,23.0,29.0,34.0,24.0,930.0,33704440,69720.0,69745.0,58805.0,1.234690854,1.234690864,1.234690853,1.234690863,4.0,0.0,1,0,0,0,1,1,1,1,1,1,0,1,1,1,1,0,1,1,1,1,1,1
ENGLAND - CHAMPIONSHIP,2024-10-26,11:00:00,Swansea,Millwall,1.04,1000.0,1.09,1000.0,1.06,1000.0,0.0,0.0,0.0,0.0,0.0,0.0,0.0,0.0,0.0,0.0,0.0,0.0,0.0,0.0,0.0,0.0,0.0,0.0,0.0,0.0,0.0,0.0,0.0,0.0,0.0,0.0,0.0,0.0,0.0,0.0,0.0,0.0,0.0,0.0,0.0,0.0,0.0,0.0,0.0,0.0,0.0,0.0,0.0,0.0,0.0,0.0,33704415,62683.0,56036.0,58805.0,1.234688949,0.0,0.0,0.0,0.0,1.0,0,0,1,1,1,0,0,1,1,1,1,1,1,0,0,1,1,1,1,1,1,1
