League,Date,Time,Home,Away,Odd_H,Odd_A,Odd_D,Odd_Under05_HT,Odd_Over05_HT,Odd_Under15_HT,Odd_Over15_HT,Odd_Under25_HT,Odd_Over25_HT,Odd_Under05,Odd_Over05,Odd_Under15,Odd_Over15,Odd_Under25,Odd_Over25,Odd_Under45,Odd_Over45,Odd_BTTS_Yes,Odd_BTTS_No,Odd_CS_0x0,Odd_CS_0x1,Odd_CS_0x2,Odd_CS_0x3,Odd_CS_1x0,Odd_CS_1x1,Odd_CS_1x2,Odd_CS_1x3,Odd_CS_2x0,Odd_CS_2x1,Odd_CS_2x2,Odd_CS_2x3,Odd_CS_3x0,Odd_CS_3x1,Odd_CS_3x2,Odd_CS_3x3,Odd_CS_Goleada_H,Odd_CS_Goleada_A,Odd_CS_Goleada_D,p_H,p_D,p_A,p_Over,p_Under,p_BTTS_Y,p_BTTS_N,p_H__p_D,p_H__p_A,p_D__p_H,p_D__p_A,p_A__p_H,p_A__p_D,p_D__p_Over,p_D__p_Under,CV_HDA,CV_HD,CV_HA,CV_DA,CV_DO,H_A,A_D,H_D,H_O,A_O,O_D,O_S,Odd_Sum,HO_D,AO_D,ADJ_H,ADJ_A,CV_MO,DP_MO,CV_MO_OV,Euc_Dist_MO,Angle_MO,Euc_Dist_OV,Angle_OV,Distancia_E_Geral,DE,DE_Casa,prediction_label,prediction_score
Bangladesh Premier League,2024-02-09,06:00:00,Brothers Union,Abahani Ltd,2.52,1.33,4.8,1.01,1.12,1.5,1.66,1.13,1.01,4.0,1.03,2.24,1.1,2.24,1.3,1.2,2.16,1.1,1.1,1.1,1.1,1.1,1.1,1.1,1.1,1.1,1.1,1.1,1.1,1.1,1.1,1.1,1.1,1.1,1.1,1.55,1.1,1.1,0.3968254,0.20833333,0.7518797,0.7692308,0.44642857,0.90909094,0.90909094,1.9047619,0.5277778,0.525,0.27708334,1.8947369,3.6090226,0.27083334,0.46666667,0.498176,0.3114754,0.3090909,0.56606853,0.57377046,1.8947369,0.27708334,0.525,1.9384615,1.0230769,0.27083334,1.1818181,8.65,-0.2635838,-0.40115607,0.29132947,0.15375723,0.6115498,1.7633018,0.6605159,4.3191895,48.74299,1.3293607,-25.173525,4.3191895,3.47,2.28,1,1.0
Bangladesh Premier League,2024-02-09,06:00:00,Rahmatganj MFS,Mohammedan Dhaka,3.5,1.54,3.1,2.1,1.3,1.2,2.66,1.04,1.01,3.0,1.1,2.24,1.21,1.55,1.6,1.06,9.2,1.1,1.1,1.49,1.1,1.1,1.1,1.1,1.1,1.1,1.1,1.1,1.1,1.1,1.1,1.1,1.1,1.1,1.1,1.55,1.55,1.1,0.2857143,0.32258064,0.64935064,0.625,0.6451613,0.90909094,0.90909094,0.8857143,0.44,1.1290323,0.4967742,2.2727273,2.012987,0.516129,0.5,0.38983527,0.060606062,0.3888889,0.33620688,0.31914893,2.2727273,0.4967742,1.1290323,2.1875,0.9625,0.516129,1.4545455,8.14,0.049140047,-0.19164619,0.42997542,0.1891892,0.38168252,1.0356319,0.41575912,2.5367696,-11.309933,0.07071068,1.4320962,2.5367696,1.56,0.4,1,1.0
Friendly Matches,2024-02-09,06:30:00,Vendsyssel FF,Ararat Armenia,1.56,1.2,3.9,4.0,1.24,1.02,1.01,1.2,5.1,2.0,1.03,2.0,1.12,2.0,1.12,1.17,3.5,1.1,1.1,1.1,1.1,1.1,1.1,1.1,1.1,1.1,1.1,1.1,4.5,1.1,1.1,1.1,1.1,1.1,1.1,1.1,1.1,1.1,0.64102566,0.25641027,0.8333333,0.89285713,0.5,0.90909094,0.90909094,2.5,0.7692308,0.4,0.30769232,1.3,3.25,0.2871795,0.51282054,0.41573972,0.42857143,0.13043478,0.5294118,0.55378485,1.3,0.30769232,0.4,1.3928572,1.0714285,0.2871795,1.0181818,6.66,-0.35135135,-0.4054054,0.23423423,0.18018018,0.66036713,1.466015,0.6772791,3.5909886,49.47946,1.2445079,-23.749495,3.5909886,2.7,2.34,1,1.0
Israeli Liga Alef,2024-02-09,06:30:00,Ironi Modiin,Maccabi Ironi Kiryat Malakhi,1.56,5.2,3.75,2.88,1.41,1.37,2.32,1.1,1.01,3.5,1.07,3.5,1.3,2.0,1.89,1.11,3.3,1.98,1.89,3.0,3.25,2.5,2.54,2.6,2.14,2.4,2.5,2.8,2.14,2.4,2.5,4.4,3.15,2.46,2.56,2.48,2.52,2.56,0.64102566,0.26666668,0.1923077,0.52910054,0.5,0.5050505,0.52910054,2.4038463,3.3333333,0.416,1.3866667,0.3,0.72115386,0.504,0.53333336,0.53553224,0.4124294,0.53846157,0.16201118,0.32978722,0.3,1.3866667,0.416,0.82539684,2.7513227,0.504,0.95454544,10.51,-0.20837298,0.13796385,0.14843006,0.4947669,0.52307147,1.8324938,0.5483302,4.4886746,47.59636,0.15556349,-3.148096,4.4886746,1.45,2.19,1,1.0
Israeli Liga Alef,2024-02-09,07:00:00,Hapoel Bikat Hayarden,MS Hapoel Lod,2.46,2.82,3.25,2.3,1.42,1.36,2.42,1.1,1.01,3.3,1.08,3.25,1.32,1.79,2.06,1.09,3.45,1.75,2.0,4.8,4.6,2.86,1.77,4.4,4.0,4.3,3.3,2.98,4.7,3.05,1.83,1.83,3.0,9.8,3.45,2.92,3.0,7.8,0.40650406,0.30769232,0.35460994,0.4854369,0.5586592,0.5714286,0.5,1.3211383,1.1463414,0.7569231,0.8676923,0.87234044,1.1524823,0.63384616,0.5507692,0.11327623,0.13835377,0.06818182,0.070840195,0.22410546,0.87234044,0.8676923,0.7569231,1.1941748,1.368932,0.63384616,1.1771429,8.53,-0.0926143,-0.050410315,0.2883939,0.33059788,0.13910311,0.39551654,0.19174066,0.9688137,21.55402,0.38183767,7.688448,0.9688137,0.43,0.79,1,1.0
Azerbaijan 1st Division,2024-02-09,07:00:00,Zaqatala,Qaradag Lokbatan,1.61,1.29,3.3,1.01,1.22,1.4,2.0,1.06,1.01,3.0,1.06,1.4,1.15,1.4,1.8,1.08,2.44,1.92,1.1,1.49,1.1,1.1,1.1,1.1,1.1,1.1,1.1,1.1,1.1,1.1,1.1,1.1,1.1,1.1,1.1,1.55,1.55,1.1,0.621118,0.3030303,0.7751938,0.5555556,0.71428573,0.5208333,0.90909094,2.0496895,0.80124223,0.4878788,0.3909091,1.248062,2.5581396,0.54545456,0.42424244,0.34707224,0.34419551,0.11034483,0.4379085,0.29411766,1.248062,0.3909091,0.4878788,0.89444447,0.71666664,0.54545456,0.9375,6.2,-0.27258065,-0.32419354,0.2596774,0.20806451,0.52258813,1.0800154,0.445926,2.6454868,40.19781,0.56568545,11.309933,2.6454868,2.01,1.69,1,1.0
Israeli Liga Alef,2024-02-09,07:40:00,MS Tira,MS Tzeirey Taibe,1.42,7.6,4.3,2.94,1.35,1.44,2.18,1.1,1.01,3.85,1.06,3.85,1.25,1.99,1.74,1.13,2.9,1.95,1.77,3.05,4.2,4.2,4.2,4.0,4.6,4.2,4.2,4.0,4.4,3.25,4.2,4.7,5.1,2.82,3.9,3.75,4.2,2.58,0.70422536,0.23255815,0.13157895,0.57471263,0.5025126,0.51282054,0.56497175,3.028169,5.352113,0.33023256,1.7674419,0.1868421,0.56578946,0.40465117,0.4627907,0.7008165,0.5034965,0.6851441,0.27731094,0.42384106,0.1868421,1.7674419,0.33023256,0.81609195,4.367816,0.40465117,0.8923077,13.32,-0.21621622,0.24774775,0.10660661,0.5705706,0.69648147,3.0923777,0.7604681,7.5747476,55.222168,0.35355338,-7.125016,7.5747476,3.3,2.88,1,1.0
Israeli Liga Alef,2024-02-09,08:00:00,Maccabi Shaaraim,Hapoel Kfar Shelem,7.2,1.47,3.95,2.26,1.38,1.34,2.98,1.07,1.01,2.96,1.07,2.88,1.39,1.67,2.14,1.07,4.1,2.24,1.62,5.0,3.6,4.0,3.8,2.72,4.4,3.45,2.72,2.96,3.0,2.86,2.9,1.8,1.8,1.8,7.2,1.8,2.98,2.14,0.1388889,0.25316456,0.6802721,0.46728972,0.5988024,0.44642857,0.61728394,0.5486111,0.20416667,1.8227848,0.3721519,4.897959,2.687075,0.5417721,0.4227848,0.65183735,0.29147983,0.66089964,0.45756456,0.29720855,4.897959,0.3721519,1.8227848,3.364486,0.6869159,0.5417721,0.95535713,12.62,0.25752774,-0.19651347,0.57052296,0.11648177,0.6831085,2.8736098,0.69478595,7.038878,-58.392498,0.66468036,13.224551,7.038878,2.48,3.25,1,1.0
Israeli Liga Alef,2024-02-09,08:00:00,Maccabi Yavne,Hapoel Herzliya,2.5,3.05,2.9,1.92,1.5,1.27,1.01,1.04,1.01,1.02,1.12,2.06,1.52,1.45,2.12,1.05,2.12,1.68,1.71,4.1,4.3,2.64,1.83,4.0,3.7,5.2,1.81,3.45,4.9,2.28,1.83,1.83,1.86,1.86,1.91,1.78,1.78,1.78,0.4,0.3448276,0.32786885,0.4716981,0.6896552,0.5952381,0.5847953,1.16,1.22,0.86206895,1.0517242,0.8196721,0.9508197,0.73103446,0.5,0.086121604,0.074074075,0.0990991,0.025210084,0.15537849,0.8196721,1.0517242,0.86206895,1.1792452,1.4386792,0.73103446,1.2619047,8.45,-0.04733728,0.01775148,0.295858,0.36094674,0.100939184,0.28431204,0.15841016,0.6964194,11.309933,0.94752306,18.52085,0.6964194,0.15,0.4,1,1.0
Israeli Liga Alef,2024-02-09,08:00:00,AS Nordia Jerusalem,Shimshon Kfar Qasem,1.9,4.4,3.35,2.66,1.43,1.31,2.58,1.07,1.01,3.15,1.09,3.15,1.38,1.81,2.08,1.08,3.65,1.92,1.94,5.3,2.6,2.18,1.97,3.1,2.54,2.72,1.97,2.48,2.44,2.76,8.4,2.74,2.62,1.97,2.4,2.1,1.97,1.97,0.5263158,0.29850745,0.22727273,0.48076922,0.5524862,0.5208333,0.5154639,1.7631578,2.3157895,0.5671642,1.3134328,0.4318182,0.7613636,0.6208955,0.5402985,0.3636737,0.2761905,0.3968254,0.13548388,0.23388582,0.4318182,1.3134328,0.5671642,0.91346157,2.1153846,0.6208955,1.0833334,9.65,-0.15025906,0.10880829,0.19689119,0.45595855,0.39025554,1.255322,0.39965525,3.0748985,35.942112,0.38183767,7.688448,3.0748985,1.05,1.45,1,1.0
Israeli Liga Alef,2024-02-09,08:30:00,Maccabi Nujeidat Ahmad,Ironi Nesher,3.5,2.16,3.15,2.12,1.42,1.32,3.1,1.07,1.01,2.88,1.09,2.88,1.4,1.64,2.18,1.07,4.1,1.99,1.82,8.6,3.4,4.0,3.1,3.9,4.0,3.9,3.05,2.3,2.88,2.8,1.92,1.98,1.92,1.98,8.0,1.93,1.98,1.98,0.2857143,0.31746033,0.46296296,0.4587156,0.6097561,0.5025126,0.5494506,0.9,0.61714286,1.1111112,0.6857143,1.6203704,1.4583334,0.6920635,0.52063495,0.2171464,0.05263158,0.23674911,0.18644068,0.18198875,1.6203704,0.6857143,1.1111112,1.6055046,0.9908257,0.6920635,1.0954773,8.81,0.039727584,-0.1123723,0.39727584,0.24517594,0.23666492,0.695006,0.24823482,1.7024101,-9.926246,0.76367533,15.109575,1.7024101,0.99,0.35,1,1.0
Thai League 1,2024-02-09,09:00:00,Muangthong Utd,Bangkok Utd,4.1,1.87,3.8,3.0,1.37,1.45,2.7,1.13,6.8,4.1,1.05,4.1,1.25,2.1,1.74,1.14,2.88,1.67,2.1,5.9,8.8,10.5,5.9,5.6,7.6,8.6,6.2,6.4,6.0,6.0,6.4,7.2,6.8,7.0,7.2,6.8,4.7,7.8,0.24390244,0.2631579,0.53475934,0.57471263,0.47619048,0.5988024,0.47619048,0.9268293,0.45609757,1.0789474,0.49210528,2.1925135,2.0320857,0.45789474,0.55263156,0.38242385,0.03797468,0.37353435,0.340388,0.37184116,2.1925135,0.49210528,1.0789474,2.3563218,1.0747126,0.45789474,1.0419161,9.77,0.030706244,-0.1975435,0.419652,0.19140226,0.3716132,1.2102203,0.4328719,2.9644225,-8.530766,0.5091169,-10.203974,2.9644225,1.93,0.3,1,1.0
Azerbaijan Cup,2024-02-09,09:00:00,FK Qabala,Araz Nakhchivan PFK,1.23,1.06,1.06,2.46,1.48,1.02,1.01,1.05,1.01,1.27,1.11,1.27,1.11,1.27,1.11,1.05,1.11,1.1,1.1,1.1,1.1,1.1,1.1,1.1,1.1,1.1,1.1,1.1,1.1,1.1,1.1,1.1,1.1,1.1,1.1,1.1,1.1,1.1,0.8130081,0.9433962,0.9433962,0.9009009,0.78740156,0.90909094,0.90909094,0.86178863,0.86178863,1.1603774,1.0,1.1603774,1.0,1.0471698,1.1981132,0.06830008,0.074235804,0.074235804,0.0,0.023041476,1.1603774,1.0,1.1603774,1.1081082,0.954955,1.0471698,1.0090909,3.35,0.05074627,0.0,0.36716416,0.3164179,0.08789512,0.098149545,0.07193548,0.2404163,-4.858463,0.22627416,-4.573921,0.2404163,0.0,0.17,1,1.0
Friendly Matches,2024-02-09,10:00:00,SV Lafnitz,NK Brinje Grosuplje,1.26,3.0,4.3,5.2,1.16,1.02,1.01,1.29,3.9,2.8,1.02,1.7,1.08,1.7,1.3,1.6,1.3,1.1,1.1,20.0,16.5,17.0,2.02,9.4,6.8,11.0,20.0,7.8,8.0,1.88,1.99,10.0,11.5,17.5,1.99,2.74,7.6,2.02,0.7936508,0.23255815,0.33333334,0.7692308,0.5882353,0.90909094,0.90909094,3.4126985,2.3809524,0.29302326,0.6976744,0.42,1.4333333,0.30232558,0.39534885,0.5389432,0.5467626,0.4084507,0.1780822,0.53571427,0.42,0.6976744,0.29302326,0.9692308,2.3076923,0.30232558,1.1818181,8.56,-0.35514018,-0.15186916,0.14719626,0.3504673,0.534567,1.5252978,0.5954283,3.7362013,56.659294,0.56568545,-11.309933,3.7362013,1.3,3.04,1,1.0
Indian I-League,2024-02-09,10:30:00,Inter Kashi,Gokulam FC,2.98,2.26,3.55,3.2,1.34,1.46,2.56,1.12,6.4,3.95,1.07,3.95,1.27,2.02,1.75,1.1,2.92,1.7,2.16,5.4,9.4,5.6,6.2,5.4,4.2,4.8,5.9,5.8,5.4,5.4,6.2,3.9,6.2,6.4,7.0,6.0,5.3,4.1,0.33557048,0.28169015,0.44247788,0.5714286,0.4950495,0.5882353,0.46296296,1.1912751,0.75838923,0.8394366,0.63661975,1.3185841,1.5707965,0.49295774,0.5690141,0.18916169,0.08728943,0.13740458,0.22203098,0.33962265,1.3185841,0.63661975,0.8394366,1.7028571,1.2914286,0.49295774,1.0294118,8.79,-0.06484642,-0.14675768,0.33902162,0.25711036,0.22063203,0.64645183,0.3004341,1.5834771,15.907552,0.38183767,-7.688448,1.5834771,1.29,0.57,1,1.0
English U21 Pro Development League,2024-02-09,10:30:00,Coventry City U21,Burnley U21,2.12,2.64,4.7,1.01,1.19,1.62,1.86,1.28,1.01,3.65,1.02,3.65,1.08,3.65,1.28,1.5,2.6,1.4,3.05,6.2,5.8,5.9,6.2,5.7,5.2,5.1,5.8,5.6,5.0,5.1,5.6,6.0,5.5,5.4,6.2,3.7,4.3,6.8,0.4716981,0.21276596,0.37878788,0.78125,0.2739726,0.71428573,0.32786885,2.2169812,1.245283,0.45106384,0.56170213,0.8030303,1.780303,0.27234042,0.7765958,0.3021975,0.37829912,0.1092437,0.28065395,0.5719063,0.8030303,0.56170213,0.45106384,1.65625,2.0625,0.27234042,0.9142857,9.46,-0.27272728,-0.21775898,0.22410148,0.27906978,0.43270195,1.3644534,0.5420882,3.3422148,52.21738,3.3516862,-49.83959,3.3422148,2.06,2.58,1,1.0
Indian Super League,2024-02-09,11:00:00,Odisha,FC Goa,2.8,2.4,3.65,3.55,1.32,1.57,2.46,1.15,6.2,3.0,1.04,3.0,1.17,2.34,1.67,1.12,4.0,1.64,2.38,3.95,4.0,13.0,4.6,4.0,7.2,10.5,17.5,4.1,10.0,4.0,4.3,4.7,4.3,4.4,4.7,4.0,3.85,4.9,0.35714287,0.2739726,0.41666666,0.5988024,0.42735043,0.6097561,0.42016807,1.3035715,0.85714287,0.7671233,0.65753424,1.1666666,1.5208334,0.45753425,0.6410959,0.1675557,0.13178295,0.07692308,0.20661157,0.37218046,1.1666666,0.65753424,0.7671233,1.6766467,1.4371258,0.45753425,1.0182927,8.85,-0.096045196,-0.14124294,0.31638417,0.27118644,0.2163923,0.6383573,0.31383604,1.5636495,23.025492,0.94752306,-18.52085,1.5636495,1.25,0.85,1,1.0
Moroccan Botola 2,2024-02-09,11:00:00,Chabab Ben Guerir,Racing de Casablanca,1.37,1.71,2.8,2.6,1.51,1.02,1.01,1.05,11.5,1.08,1.09,1.08,1.09,1.08,2.0,1.05,5.0,1.1,1.1,1.29,1.1,1.1,1.1,1.1,1.1,1.1,1.1,1.1,1.1,1.1,1.1,1.1,1.1,1.1,1.1,1.1,1.1,1.1,0.729927,0.35714287,0.5847953,0.5,0.9259259,0.90909094,0.90909094,2.0437956,1.2481751,0.4892857,0.61071426,0.8011696,1.6374269,0.71428573,0.3857143,0.27530876,0.34292567,0.11038961,0.24168514,0.16666667,0.8011696,0.61071426,0.4892857,0.685,0.855,0.71428573,1.8181819,5.88,-0.24319728,-0.18537416,0.2329932,0.29081634,0.38115352,0.7470609,0.3097972,1.829918,35.56477,1.3010765,24.70243,1.829918,1.09,1.43,1,1.0
Algerian Ligue 1,2024-02-09,11:30:00,ES Ben Aknoun,MC Alger,8.8,1.46,3.8,2.16,1.56,1.27,3.4,1.05,1.01,2.5,1.05,2.5,1.54,1.52,2.46,1.05,2.46,2.68,1.43,7.8,4.5,5.6,9.4,5.0,8.4,4.1,5.0,5.8,5.6,5.5,5.8,6.0,6.0,6.0,6.0,6.0,4.3,6.0,0.11363637,0.2631579,0.6849315,0.40650406,0.65789473,0.37313432,0.6993007,0.4318182,0.1659091,2.3157895,0.38421053,6.027397,2.6027398,0.64736843,0.4,0.6835016,0.3968254,0.7153996,0.44486693,0.2140575,6.027397,0.38421053,2.3157895,3.5772357,0.5934959,0.64736843,0.91791046,14.06,0.35561877,-0.1664296,0.62588906,0.10384069,0.8000294,3.7494712,0.78876173,9.184291,-68.19859,1.3293607,25.173525,9.184291,2.34,5.0,1,1.0
Algerian Ligue 1,2024-02-09,11:45:00,MC Oran,ASO Chlef,2.02,4.7,2.96,2.02,1.67,1.21,4.0,1.04,1.01,2.36,1.14,2.36,1.6,1.42,2.96,1.05,2.96,2.42,1.55,6.8,10.0,29.0,6.4,5.4,6.8,8.6,4.2,5.3,10.5,27.0,4.3,21.0,8.8,4.2,4.3,21.0,4.3,4.4,0.4950495,0.33783785,0.21276596,0.33783785,0.70422536,0.41322315,0.6451613,1.4653466,2.3267326,0.6824324,1.5878378,0.42978725,0.6297872,1.0,0.47972974,0.33134452,0.18875502,0.39880952,0.22715405,0.0,0.42978725,1.5878378,0.6824324,0.6824324,1.5878378,1.0,1.2231405,9.68,-0.09710744,0.17975207,0.20867768,0.4855372,0.42141163,1.3597549,0.35386482,3.3307056,25.173525,2.1778889,37.59627,3.3307056,1.74,0.94,1,1.0
Azerbaijan Cup,2024-02-09,12:00:00,Neftchi Baku,FK Sumqayit,1.18,1.64,1.32,1.01,1.01,1.02,1.01,1.05,1.01,1.27,1.11,1.27,1.11,1.27,1.11,1.04,1.11,1.1,1.1,1.49,1.1,1.1,1.1,1.1,1.1,1.1,1.1,1.1,1.1,1.1,1.1,1.1,1.1,1.1,1.1,1.55,1.55,1.1,0.84745765,0.75757575,0.6097561,0.9009009,0.78740156,0.90909094,0.90909094,1.1186441,1.3898305,0.8939394,1.2424242,0.7195122,0.80487806,0.84090906,0.9621212,0.13274048,0.056,0.16312057,0.10810811,0.086419754,0.7195122,1.2424242,0.8939394,1.063063,1.4774774,0.84090906,1.0090909,4.14,-0.033816423,0.077294685,0.28502417,0.39613527,0.17086704,0.23579653,0.17915566,0.57758117,4.004173,0.22627416,-4.573921,0.57758117,0.32,0.14,1,1.0
Romanian Liga I,2024-02-09,12:00:00,Otelul Galati,FC U Craiova 1948,2.52,3.2,3.2,2.7,1.51,1.36,3.35,1.09,8.6,9.0,1.09,3.1,1.41,1.72,2.26,1.08,9.2,1.92,2.0,9.6,10.0,14.5,7.0,8.4,6.8,8.8,14.0,8.6,11.0,17.5,32.0,12.5,11.5,8.2,7.4,24.0,36.0,7.6,0.3968254,0.3125,0.3125,0.44247788,0.5813953,0.5208333,0.5,1.2698413,1.2698413,0.7875,1.0,0.7875,1.0,0.70625,0.5375,0.116706945,0.11888112,0.11888112,0.0,0.17216118,0.7875,1.0,0.7875,1.1150442,1.4159292,0.70625,1.1770834,8.92,-0.076233186,0.0,0.2825112,0.35874438,0.13203974,0.39259818,0.17157367,0.9616652,18.778032,0.76367533,15.109575,0.9616652,0.0,0.68,1,1.0
Algerian Ligue 1,2024-02-09,12:45:00,ES Setif,USM Khenchela,1.56,7.8,3.75,2.28,1.56,1.27,1.01,1.06,1.01,2.48,1.14,2.48,1.53,1.5,2.46,1.05,2.46,2.5,1.48,7.6,5.7,4.2,4.4,4.9,4.5,6.8,4.4,4.2,5.0,6.8,4.4,5.5,6.2,7.4,4.4,5.4,4.4,4.4,0.64102566,0.26666668,0.12820514,0.40650406,0.6666667,0.4,0.6756757,2.4038463,5.0,0.416,2.08,0.2,0.48076922,0.656,0.4,0.62732756,0.4124294,0.6666667,0.35064936,0.20772947,0.2,2.08,0.416,0.63414633,3.1707318,0.656,0.984,13.11,-0.16704805,0.3089245,0.11899313,0.5949657,0.72445416,3.1658647,0.7079485,7.7547536,47.59636,1.357645,25.641006,7.7547536,4.05,2.19,1,1.0
Bahraini 2nd Division,2024-02-09,13:00:00,Bahrain SC,Etihad Al Reef,1.17,2.0,1.05,1.01,1.18,1.02,1.01,1.01,1.01,1.27,1.03,1.27,1.03,1.27,1.03,1.05,1.03,1.1,1.1,1.49,1.01,1.01,1.01,1.01,1.01,1.01,1.01,1.01,1.01,1.01,1.01,1.01,1.01,1.01,1.01,1.01,1.55,1.01,0.85470086,0.95238096,0.5,0.9708738,0.78740156,0.90909094,0.90909094,0.8974359,1.7094017,1.1142857,1.9047619,0.585,0.525,0.9809524,1.2095238,0.2527424,0.054054055,0.26182964,0.3114754,0.009615385,0.585,1.9047619,1.1142857,1.1359223,1.9417475,0.9809524,0.93636364,4.22,0.028436018,0.22511849,0.27725118,0.47393364,0.3677722,0.5173329,0.35236895,1.2672017,-3.4336305,0.33941126,-6.8427734,1.2672017,0.95,0.12,1,1.0
Atlantic Cup,2024-02-09,13:00:00,Midtjylland,Fredrikstad,1.16,3.0,4.3,1.01,1.17,1.02,1.01,1.01,1.01,1.27,1.02,1.27,1.02,1.27,1.02,1.05,1.02,1.1,1.1,1.49,1.02,1.02,1.02,1.02,1.02,1.02,1.02,1.02,1.02,1.02,1.02,1.02,1.02,1.02,1.02,1.55,1.55,1.02,0.86206895,0.23255815,0.33333334,0.98039216,0.78740156,0.90909094,0.90909094,3.7068965,2.586207,0.26976743,0.6976744,0.38666666,1.4333333,0.2372093,0.29534882,0.58002424,0.5750916,0.44230768,0.1780822,0.6165413,0.38666666,0.6976744,0.26976743,1.137255,2.9411764,0.2372093,0.92727274,8.46,-0.3711584,-0.1536643,0.13711584,0.35460994,0.5594751,1.5777199,0.6630606,3.8646088,57.5052,0.35355338,-7.125016,3.8646088,1.3,3.14,1,1.0
Bahraini 2nd Division,2024-02-09,13:00:00,Al-Ittihad (BRN),Qalali,1.18,1.64,1.32,1.01,1.01,1.02,1.01,1.01,1.01,1.27,1.06,1.27,1.06,1.27,1.06,1.05,1.06,1.1,1.1,1.49,1.1,1.1,1.1,1.1,1.1,1.1,1.1,1.1,1.1,1.1,1.1,1.1,1.1,1.1,1.1,1.55,1.55,1.1,0.84745765,0.75757575,0.6097561,0.9433962,0.78740156,0.90909094,0.90909094,1.1186441,1.3898305,0.8939394,1.2424242,0.7195122,0.80487806,0.8030303,0.9621212,0.13274048,0.056,0.16312057,0.10810811,0.1092437,0.7195122,1.2424242,0.8939394,1.1132076,1.5471698,0.8030303,0.96363634,4.14,-0.033816423,0.077294685,0.28502417,0.39613527,0.17086704,0.23579653,0.19256394,0.57758117,4.004173,0.29698485,-5.994093,0.57758117,0.32,0.14,1,1.0
Moroccan Botola 2,2024-02-09,13:00:00,DHJ El Jadida,Raja Beni Mellal,1.2,1.6,1.31,2.5,1.54,1.02,1.01,1.05,13.0,1.08,1.1,1.08,1.1,1.08,1.1,1.05,5.0,1.1,1.1,1.49,1.1,1.1,1.1,1.1,1.1,1.1,1.1,1.1,1.1,1.1,1.1,1.1,1.1,1.1,1.1,1.1,1.1,1.1,0.8333333,0.7633588,0.625,0.90909094,0.9259259,0.90909094,0.90909094,1.0916667,1.3333334,0.9160305,1.221374,0.75,0.81875,0.8396947,0.8244275,0.11689139,0.043824703,0.14285715,0.09965636,0.08713693,0.75,1.221374,0.9160305,1.0909091,1.4545455,0.8396947,1.0,4.11,-0.02676399,0.07055961,0.2919708,0.38929442,0.15083195,0.20663978,0.16589831,0.50616205,3.148096,0.02828427,0.5729387,0.50616205,0.29,0.11,1,1.0
Mexican Segunda Division,2024-02-09,13:00:00,Correcaminos (Premier),Colima FC,1.17,2.0,1.02,1.01,1.01,1.02,1.01,1.01,1.01,1.05,1.03,1.05,1.03,1.05,1.03,1.04,6.2,1.1,1.1,1.45,2.3,2.76,3.9,2.96,2.92,4.3,6.0,2.78,4.6,4.3,9.6,3.4,4.4,11.0,10.5,1.01,1.01,1.03,0.85470086,0.98039216,0.5,0.9708738,0.95238096,0.90909094,0.90909094,0.8717949,1.7094017,1.1470588,1.9607843,0.585,0.51,1.0098039,1.0294118,0.2613325,0.06849315,0.26182964,0.3245033,0.004878049,0.585,1.9607843,1.1470588,1.1359223,1.9417475,1.0098039,0.93636364,4.19,0.035799522,0.23389022,0.2792363,0.47732696,0.3779408,0.5278573,0.3589011,1.292981,-4.289153,0.02828427,-0.5729387,1.292981,0.98,0.15,1,1.0
Turkish Super League,2024-02-09,14:00:00,Adana Demirspor,Kasimpasa,2.34,3.05,3.8,3.9,1.24,1.66,2.32,1.15,5.5,21.0,1.03,5.5,1.16,2.6,1.58,1.26,4.0,1.54,2.74,20.0,18.0,23.0,44.0,14.5,9.0,12.5,20.0,17.0,10.5,12.5,28.0,29.0,19.0,24.0,30.0,10.0,8.8,16.0,0.42735043,0.2631579,0.32786885,0.6329114,0.3846154,0.64935064,0.3649635,1.6239316,1.3034188,0.6157895,0.80263156,0.7672131,1.2459016,0.41578948,0.68421054,0.19893554,0.23778501,0.13172542,0.10948905,0.4126394,0.7672131,0.80263156,0.6157895,1.4810127,1.9303797,0.41578948,1.025974,9.19,-0.15886833,-0.08161045,0.2546246,0.33188248,0.23833232,0.73009133,0.35340324,1.7883512,36.129444,1.4424978,-27.021582,1.7883512,0.75,1.46,1,1.0
German Bundesliga 2,2024-02-09,14:30:00,Hamburger SV,Hannover,1.72,4.9,4.4,3.9,1.29,1.67,2.3,1.19,5.3,18.0,1.04,6.4,1.16,2.78,1.54,1.29,4.1,1.58,2.62,22.0,25.0,42.0,20.0,13.0,9.8,17.5,42.0,12.0,9.6,15.0,40.0,17.5,14.0,22.0,40.0,6.2,22.0,23.0,0.5813953,0.22727273,0.20408164,0.64935064,0.35971224,0.6329114,0.3816794,2.5581396,2.8488371,0.3909091,1.1136364,0.3510204,0.8979592,0.35,0.6318182,0.5114619,0.4379085,0.48036253,0.05376344,0.4814815,0.3510204,1.1136364,0.3909091,1.1168832,3.1818182,0.35,0.9746835,11.02,-0.2431942,0.04537205,0.15607986,0.4446461,0.4655199,1.7100097,0.5595678,4.1886516,53.267174,1.7536248,-31.798912,4.1886516,0.5,2.68,1,1.0
Friendly Matches,2024-02-09,14:30:00,Orn Horten,Kjelsas,1.05,1.05,1.04,1.01,1.01,1.02,1.01,1.01,1.01,1.27,1.01,1.27,1.01,1.27,1.01,1.05,1.01,1.1,1.1,1.46,2.34,2.54,2.92,2.48,2.94,3.6,9.0,2.86,4.8,7.8,16.5,3.55,4.6,8.4,18.0,1.1,1.1,1.1,0.95238096,0.96153843,0.95238096,0.990099,0.78740156,0.90909094,0.90909094,0.9904762,1.0,1.0096154,1.0096154,1.0,0.9904762,0.97115386,1.2211539,0.004518254,0.004784689,0.0,0.004784689,0.014634146,1.0,1.0096154,1.0096154,1.039604,1.039604,0.97115386,0.91818184,3.14,0.0031847134,0.0031847134,0.3343949,0.3343949,0.0055160853,0.005773503,0.018245488,0.014142135,-0.28647652,0.36769554,-7.4069123,0.014142135,0.01,0.01,1,1.0
German Regionalliga Northeast,2024-02-09,15:00:00,Hertha Berlin II,Altglienicke,3.0,2.04,3.5,3.35,1.31,1.02,1.01,1.13,1.01,1.02,1.05,2.12,1.22,1.45,1.22,1.08,1.64,1.6,1.01,1.49,1.1,1.1,1.1,1.1,1.1,1.1,1.1,1.1,1.1,1.1,1.1,1.1,1.1,1.1,1.1,1.55,1.55,1.1,0.33333334,0.2857143,0.49019608,0.8196721,0.6896552,0.625,0.990099,1.1666666,0.68,0.85714287,0.58285713,1.4705882,1.7156863,0.34857142,0.41428572,0.23626973,0.07692308,0.1904762,0.2635379,0.48305085,1.4705882,0.58285713,0.85714287,2.4590163,1.6721312,0.34857142,0.7625,8.54,-0.05854801,-0.17096019,0.35128805,0.23887588,0.2606485,0.74197936,0.41564193,1.8174708,14.036243,0.32526913,-6.5601964,1.8174708,1.46,0.5,1,1.0
German 3 Liga,2024-02-09,15:00:00,Viktoria Koln,Dortmund II,2.02,3.7,3.7,2.9,1.3,1.51,2.7,1.11,6.0,4.1,1.06,4.1,1.25,2.06,1.76,1.15,2.94,1.72,2.2,14.5,14.5,20.0,7.6,9.8,8.0,14.0,7.2,12.0,9.6,15.0,7.4,16.5,15.0,7.0,7.8,5.1,7.0,8.4,0.4950495,0.27027026,0.27027026,0.5681818,0.4854369,0.5813953,0.45454547,1.8316832,1.8316832,0.54594594,1.0,0.54594594,1.0,0.47567567,0.55675673,0.3069611,0.2937063,0.2937063,0.0,0.35531136,0.54594594,1.0,0.54594594,1.1477273,2.1022727,0.47567567,1.0232558,9.42,-0.17834395,0.0,0.21443737,0.39278132,0.30890077,0.9699485,0.3758071,2.3758788,40.03026,0.42426407,-8.530766,2.3758788,0.0,1.68,1,1.0
Maltese Premier League,2024-02-09,15:00:00,Valletta,Birkirkara,2.02,2.0,1.72,1.01,1.01,1.02,1.01,1.01,1.01,1.27,1.08,1.27,1.08,1.27,1.08,1.02,1.08,1.1,1.1,1.49,2.58,2.36,3.35,2.82,3.35,4.9,4.7,3.4,4.6,8.8,15.0,3.75,4.2,8.8,10.5,1.55,1.55,1.1,0.4950495,0.5813953,0.5,0.9259259,0.78740156,0.90909094,0.90909094,0.85148513,0.990099,1.1744186,1.1627907,1.01,0.86,0.627907,0.7383721,0.075337745,0.080213904,0.0049751243,0.07526882,0.22857143,1.01,1.1627907,1.1744186,1.8703704,1.8518518,0.627907,0.9818182,5.74,0.05226481,0.048780486,0.35191637,0.34843206,0.08766373,0.16772994,0.2572412,0.41085276,-8.530766,0.26870057,-5.4268126,0.41085276,0.28,0.3,1,1.0
Friendly Matches,2024-02-09,15:00:00,Aalen,Normannia Schwabisch Gmund,1.12,1.6,1.31,1.01,1.01,1.02,1.01,1.01,1.01,1.27,1.02,1.27,1.02,1.27,1.02,1.04,1.02,1.1,1.1,1.49,2.68,2.4,3.0,2.6,3.75,3.25,4.2,3.4,3.4,6.4,6.0,4.7,6.8,6.8,20.0,1.01,1.01,1.03,0.89285713,0.7633588,0.625,0.98039216,0.78740156,0.90909094,0.90909094,1.1696428,1.4285715,0.8549618,1.221374,0.7,0.81875,0.77862597,0.9694657,0.14383402,0.0781893,0.1764706,0.09965636,0.12446352,0.7,1.221374,0.8549618,1.0980393,1.5686275,0.77862597,0.92727274,4.03,-0.047146402,0.0719603,0.27791563,0.39702234,0.1799478,0.24172987,0.2020837,0.59211487,5.4268126,0.35355338,-7.125016,0.59211487,0.29,0.19,1,1.0
French National,2024-02-09,15:30:00,Marignane-Gignac,Villefranche Beaujolais,3.05,2.7,2.92,2.5,1.54,1.3,3.55,1.08,12.0,2.72,1.12,2.72,1.51,1.56,2.58,1.05,5.0,2.06,1.84,7.6,4.5,5.9,4.7,8.0,3.8,5.4,4.6,4.2,6.0,6.4,4.9,4.8,4.7,4.9,5.1,4.8,4.7,5.2,0.32786885,0.34246576,0.37037036,0.3875969,0.64102566,0.4854369,0.54347825,0.9573771,0.8852459,1.0445205,0.9246575,1.1296296,1.0814815,0.8835617,0.53424656,0.05082826,0.021775544,0.060869563,0.03914591,0.061818182,1.1296296,0.9246575,1.0445205,1.1821705,1.0465117,0.8835617,1.2524272,8.67,0.014994233,-0.025374856,0.35178778,0.31141868,0.061217323,0.17691806,0.07533388,0.43335897,-3.718994,1.4424978,27.021582,0.43335897,0.22,0.13,1,1.0
German Oberliga,2024-02-09,15:30:00,FC Oberneuland,FC Bremerhaven,3.35,1.74,4.4,4.2,1.18,1.02,1.78,1.23,3.55,3.05,1.01,3.05,1.01,3.05,1.37,1.39,2.9,1.46,2.56,2.86,2.68,2.64,2.74,2.8,2.6,2.58,2.7,2.86,2.72,2.68,2.76,2.94,2.86,2.88,2.96,2.68,2.92,3.05,0.29850745,0.22727273,0.57471263,0.729927,0.32786885,0.6849315,0.390625,1.3134328,0.519403,0.7613636,0.39545456,1.9252874,2.5287356,0.31136364,0.6931818,0.4084816,0.13548388,0.31630647,0.43322477,0.52513,1.9252874,0.39545456,0.7613636,2.4452555,1.2700729,0.31136364,0.93835616,9.49,-0.11064278,-0.28029504,0.35300317,0.18335089,0.42353696,1.3397886,0.5209801,3.2817984,27.699472,2.3758788,-40.03026,3.2817984,2.66,1.05,1,1.0
German Oberliga,2024-02-09,15:30:00,FC Bruenninghausen,FC Gievenbeck,4.1,1.57,3.4,1.01,1.27,1.02,1.01,1.13,1.01,1.02,1.04,1.02,1.04,1.44,1.57,1.02,2.44,1.59,2.04,1.02,3.45,3.5,1.67,1.07,3.35,3.4,1.44,1.02,1.17,1.17,1.03,1.01,1.02,1.02,1.02,1.55,1.55,1.02,0.24390244,0.29411766,0.6369427,0.6369427,0.6944444,0.6289308,0.49019608,0.8292683,0.38292682,1.2058823,0.4617647,2.611465,2.165605,0.4617647,0.42352942,0.4459352,0.093333334,0.44620812,0.36820924,0.36820924,2.611465,0.4617647,1.2058823,2.611465,1.0,0.4617647,0.9874214,9.07,0.07717751,-0.20176406,0.4520397,0.17309813,0.43209982,1.3063818,0.48521006,3.1999688,-19.290047,0.18384777,3.718994,3.1999688,1.83,0.7,1,1.0
Icelandic League Cup,2024-02-09,16:00:00,Grotta,Grindavik,1.36,1.57,1.32,1.01,1.18,1.02,1.01,1.16,1.01,1.27,1.03,1.27,1.13,1.27,1.13,1.05,1.13,1.1,1.1,1.49,1.1,1.1,1.1,1.1,1.1,1.1,1.1,1.1,1.1,1.1,1.1,1.1,1.1,1.1,1.1,1.55,1.55,1.1,0.7352941,0.75757575,0.6369427,0.88495576,0.78740156,0.90909094,0.90909094,0.9705882,1.1544118,1.030303,1.189394,0.86624205,0.84076434,0.8560606,0.9621212,0.07382421,0.014925373,0.07167236,0.08650519,0.07755102,0.86624205,1.189394,1.030303,1.2035398,1.3893806,0.8560606,1.0272727,4.25,0.009411764,0.05882353,0.32,0.36941177,0.0947917,0.13428825,0.13417277,0.32893768,-1.1457628,0.1979899,-4.004173,0.32893768,0.25,0.04,1,1.0
Dutch Eredivisie,2024-02-09,16:00:00,RKC Waalwijk,NEC Nijmegen,2.98,2.42,3.8,3.55,1.34,1.56,2.54,1.15,6.6,15.5,1.05,4.5,1.22,2.28,1.74,1.17,2.74,1.62,2.46,17.5,12.5,16.0,28.0,14.0,8.6,10.5,21.0,20.0,12.0,14.0,27.0,38.0,25.0,30.0,30.0,17.5,12.5,17.0,0.33557048,0.2631579,0.41322315,0.57471263,0.4385965,0.61728394,0.40650406,1.2751678,0.81208056,0.7842105,0.63684213,1.2314049,1.5702479,0.45789474,0.6,0.1816579,0.120943956,0.1037037,0.22186495,0.37184116,1.2314049,0.63684213,0.7842105,1.7126436,1.3908046,0.45789474,1.074074,9.2,-0.08913043,-0.15,0.32391304,0.2630435,0.22632721,0.6940701,0.31899402,1.7001176,22.293629,0.76367533,-15.109575,1.7001176,1.38,0.82,1,1.0
Icelandic League Cup,2024-02-09,16:00:00,Breidablik,Hafnarfjordur,1.18,1.63,1.32,1.01,1.01,1.02,1.01,1.19,1.01,1.02,1.02,1.02,1.02,1.27,1.02,1.07,1.02,1.1,1.1,1.49,1.1,1.1,1.1,1.1,1.1,1.1,1.1,1.1,1.1,1.1,1.1,1.1,1.1,1.1,1.1,1.55,1.55,1.1,0.84745765,0.75757575,0.61349696,0.98039216,0.78740156,0.90909094,0.90909094,1.1186441,1.3813559,0.8939394,1.2348485,0.72392637,0.80981594,0.77272725,0.9621212,0.13030857,0.056,0.16014235,0.10508475,0.12820514,0.72392637,1.2348485,0.8939394,1.1568627,1.5980393,0.77272725,0.92727274,4.13,-0.033898305,0.07506053,0.2857143,0.3946731,0.16728063,0.23028967,0.20128097,0.5640922,4.004173,0.35355338,-7.125016,0.5640922,0.31,0.14,1,1.0
Icelandic League Cup,2024-02-09,16:00:00,IR Reykjavik,Throttur,1.49,1.64,1.62,1.01,1.15,1.02,1.01,1.23,1.01,1.02,1.02,1.02,1.02,1.27,1.02,1.04,1.02,1.1,1.1,1.49,1.1,1.1,1.1,1.1,1.1,1.1,1.1,1.1,1.1,1.1,1.1,1.1,1.1,1.1,1.1,1.55,1.55,1.1,0.67114097,0.61728394,0.6097561,0.98039216,0.78740156,0.90909094,0.90909094,1.0872483,1.1006712,0.9197531,1.0123457,0.9085366,0.9878049,0.6296296,0.7839506,0.043203566,0.041800644,0.047923323,0.006134969,0.22727273,0.9085366,1.0123457,0.9197531,1.4607843,1.6078432,0.6296296,0.92727274,4.75,-0.02736842,0.004210526,0.31368423,0.34526315,0.05143912,0.08144528,0.20063107,0.19949937,3.718994,0.35355338,-7.125016,0.19949937,0.02,0.13,1,1.0
Dutch Eerste Divisie,2024-02-09,16:00:00,SC Telstar,Helmond Sport,2.34,3.1,3.55,3.15,1.4,1.48,2.82,1.11,7.4,11.0,1.06,4.0,1.27,1.99,1.88,1.13,3.25,1.74,2.18,12.5,11.5,18.5,7.6,9.2,7.4,11.5,7.0,12.0,9.4,14.0,7.4,7.2,19.5,7.2,8.4,5.9,6.8,8.6,0.42735043,0.28169015,0.32258064,0.5319149,0.5025126,0.57471263,0.4587156,1.517094,1.3247863,0.65915495,0.87323946,0.7548387,1.1451613,0.5295775,0.5605634,0.17838548,0.20543294,0.13970588,0.067669176,0.30755064,0.7548387,0.87323946,0.65915495,1.2446809,1.6489362,0.5295775,1.0804597,8.99,-0.134594,-0.050055616,0.26028922,0.3448276,0.20408764,0.61158264,0.27564326,1.4980655,31.173939,0.15556349,-3.148096,1.4980655,0.45,1.21,1,1.0
Dutch Eerste Divisie,2024-02-09,16:00:00,Roda JC,FC Dordrecht,1.61,5.0,4.4,3.7,1.24,1.62,2.16,1.16,4.5,2.66,1.03,2.66,1.13,2.66,1.46,1.27,3.4,1.6,2.28,21.0,4.3,4.5,4.7,11.0,10.5,17.5,4.6,10.5,8.8,14.0,4.5,13.0,12.0,19.0,28.0,2.82,6.0,4.9,0.621118,0.22727273,0.2,0.6849315,0.37593985,0.625,0.4385965,2.7329192,3.10559,0.3659091,1.1363636,0.322,0.88,0.3318182,0.6045455,0.55058986,0.46422628,0.5128593,0.06382979,0.5017065,0.322,1.1363636,0.3659091,1.1027397,3.4246576,0.3318182,0.9125,11.01,-0.253406,0.054495912,0.1462307,0.45413262,0.49293202,1.8090606,0.59171605,4.4312754,54.36531,1.6970563,-30.963757,4.4312754,0.6,2.79,1,1.0
English Premier League 2 - Div 1,2024-02-09,16:00:00,Sunderland U21,Leicester U21,1.59,4.1,4.6,1.01,1.21,1.8,1.9,1.24,1.01,3.25,1.01,3.25,1.01,3.25,1.34,1.4,2.8,1.42,2.74,6.0,5.9,6.2,6.4,5.2,4.7,5.3,6.0,5.0,4.4,5.0,5.9,5.3,4.9,5.4,6.2,3.0,5.5,6.8,0.6289308,0.2173913,0.24390244,0.74626863,0.30769232,0.70422536,0.3649635,2.8930817,2.5786164,0.34565216,0.8913044,0.38780487,1.1219512,0.29130435,0.70652175,0.51750225,0.48626816,0.44112477,0.057471264,0.54882157,0.38780487,0.8913044,0.34565216,1.1865672,3.0597014,0.29130435,0.943662,10.29,-0.292517,-0.048590865,0.15451895,0.3984451,0.47025615,1.6129786,0.5782347,3.9509745,56.397877,2.7011478,-43.681404,3.9509745,0.5,3.01,1,1.0
Belgian First Division B,2024-02-09,16:00:00,Deinze,Patro Eisden Maasmechelen,1.97,3.9,3.9,3.15,1.36,1.52,2.2,1.13,1.01,4.3,1.06,4.3,1.24,2.12,1.77,1.14,2.96,1.74,2.2,5.0,5.0,5.7,6.4,4.6,8.0,5.0,6.0,4.7,4.4,5.1,6.2,5.4,5.3,5.8,6.4,4.4,6.0,6.8,0.5076142,0.25641027,0.25641027,0.56497175,0.4716981,0.57471263,0.45454547,1.9796954,1.9796954,0.5051282,1.0,0.5051282,1.0,0.45384616,0.5435898,0.34814185,0.32879046,0.32879046,0.0,0.37566137,0.5051282,1.0,0.5051282,1.1129943,2.20339,0.45384616,1.0172414,9.77,-0.1975435,0.0,0.20163767,0.39918116,0.34215537,1.1142861,0.4072311,2.729432,43.979572,0.49497473,-9.926246,2.729432,0.0,1.93,1,1.0
Belgian Reserves,2024-02-09,16:00:00,RFC de Liege U21,K Lierse U21,1.64,1.48,1.24,1.01,1.01,1.02,1.01,1.01,1.01,1.27,1.02,1.27,1.02,1.27,1.02,1.05,1.02,1.1,1.1,1.49,1.1,1.1,1.1,1.1,1.1,1.1,1.1,1.1,1.1,1.1,1.1,1.1,1.1,1.1,1.1,1.55,1.55,1.1,0.6097561,0.8064516,0.6756757,0.98039216,0.78740156,0.90909094,0.90909094,0.75609756,0.902439,1.3225807,1.1935484,1.1081082,0.8378378,0.82258064,1.0241935,0.11722842,0.1388889,0.051282052,0.0882353,0.097345136,1.1081082,1.1935484,1.3225807,1.6078432,1.4509804,0.82258064,0.92727274,4.36,0.09174312,0.055045873,0.3761468,0.33944955,0.13852908,0.20132892,0.20220679,0.49315313,-11.309933,0.35355338,-7.125016,0.49315313,0.24,0.4,1,1.0
English Premier League 2 - Div 1,2024-02-09,16:00:00,Aston Villa U21,Everton U21,2.16,2.66,4.5,1.01,1.2,1.02,1.86,1.01,1.01,3.55,1.02,3.55,1.02,3.55,1.33,1.48,2.68,1.41,3.05,1.97,6.2,6.2,2.84,6.0,5.4,5.5,4.5,6.0,5.3,5.4,6.0,2.8,6.0,5.9,6.6,4.0,4.5,1.62,0.46296296,0.22222222,0.37593985,0.7518797,0.28169015,0.7092199,0.32786885,2.0833333,1.2314814,0.48,0.5911111,0.8120301,1.6917293,0.29555556,0.7888889,0.28139356,0.35135135,0.10373444,0.25698325,0.54373926,0.8120301,0.5911111,0.48,1.6240602,2.0,0.29555556,0.9432624,9.32,-0.25107297,-0.19742489,0.23175965,0.28540772,0.39665917,1.2322879,0.5041114,3.0184765,49.47946,3.139554,-47.984283,3.0184765,1.84,2.34,1,1.0
English Premier League 2 - Div 1,2024-02-09,16:00:00,Fulham U21,Blackburn U21,1.5,4.6,5.2,5.0,1.15,2.12,1.72,1.29,3.15,4.0,1.01,4.0,1.02,4.0,1.25,1.56,2.26,1.41,3.0,4.9,4.8,4.9,4.2,4.4,12.5,4.5,4.8,13.0,3.9,13.0,4.7,15.0,10.5,4.3,4.8,2.24,4.5,2.6,0.6666667,0.1923077,0.2173913,0.8,0.25,0.7092199,0.33333334,3.4666667,3.0666666,0.28846154,0.88461536,0.32608697,1.1304348,0.24038461,0.7692308,0.6074425,0.5522388,0.5081967,0.06122449,0.6124031,0.32608697,0.88461536,0.28846154,1.2,3.68,0.24038461,0.8865248,11.3,-0.32743362,-0.053097345,0.13274336,0.40707964,0.527199,1.9857827,0.6541472,4.864155,61.60698,3.8890872,-53.972626,4.864155,0.6,3.7,1,1.0
English Premier League 2 - Div 1,2024-02-09,16:00:00,Nottingham Forest U21,Reading U21,2.04,2.58,4.7,1.01,1.17,1.89,1.73,1.25,1.01,3.65,1.02,3.65,1.02,3.65,1.25,1.5,2.36,1.38,3.1,4.5,4.2,4.2,4.4,4.2,4.0,3.9,4.2,4.2,3.85,3.9,17.5,4.3,4.1,4.1,4.4,3.05,3.45,4.8,0.49019608,0.21276596,0.3875969,0.8,0.2739726,0.7246377,0.32258064,2.3039215,1.2647059,0.43404254,0.5489362,0.7906977,1.8217055,0.26595744,0.7765958,0.3150664,0.39465874,0.116883114,0.2912088,0.57983196,0.7906977,0.5489362,0.43404254,1.632,2.064,0.26595744,0.9057971,9.32,-0.28540772,-0.2274678,0.21888413,0.27682403,0.45258626,1.4060346,0.5587135,3.4440675,53.061237,3.3941126,-50.194427,3.4440675,2.12,2.66,1,1.0
English Premier League 2 - Div 1,2024-02-09,16:00:00,Arsenal U21,Leeds United U21,1.67,3.8,4.9,4.4,1.19,1.9,1.72,1.26,1.01,3.75,1.02,3.75,1.02,3.75,1.25,1.51,2.38,1.44,2.62,4.9,4.7,4.9,5.1,4.5,13.0,4.4,4.8,4.4,4.0,4.3,4.6,4.5,4.3,4.4,4.9,2.64,4.3,5.3,0.5988024,0.20408164,0.2631579,0.8,0.26666668,0.6944444,0.3816794,2.9341316,2.275449,0.34081632,0.7755102,0.4394737,1.2894737,0.25510204,0.7653061,0.4891833,0.49162862,0.3893967,0.12643678,0.5934959,0.4394737,0.7755102,0.34081632,1.336,3.04,0.25510204,0.8680556,10.37,-0.3114754,-0.10607522,0.16104147,0.36644167,0.47506544,1.6421429,0.59772956,4.0224123,58.234413,3.535534,-51.34019,4.0224123,1.1,3.23,1,1.0
Dutch Eerste Divisie,2024-02-09,16:00:00,NAC Breda,FC Eindhoven,1.65,5.4,4.2,3.2,1.4,1.51,2.66,1.13,6.4,4.0,1.05,4.0,1.24,2.14,1.78,1.14,2.82,1.84,2.08,14.0,17.0,6.4,7.0,8.0,8.2,18.0,6.8,8.6,8.2,17.0,6.8,12.5,14.0,6.0,7.0,4.1,10.5,7.2,0.6060606,0.23809524,0.18518518,0.56179774,0.46728972,0.54347825,0.48076922,2.5454545,3.2727273,0.39285713,1.2857143,0.30555555,0.7777778,0.42380953,0.5095238,0.5455395,0.43589744,0.5319149,0.125,0.40468228,0.30555555,1.2857143,0.39285713,0.9269663,3.0337079,0.42380953,0.9673913,11.25,-0.22666667,0.10666667,0.14666666,0.48,0.5106858,1.9150718,0.5673163,4.690949,51.89242,0.5091169,-10.203974,4.690949,1.2,2.55,1,1.0
Swiss Challenge League,2024-02-09,16:15:00,Schaffhausen,Thun,4.0,1.84,3.75,3.5,1.36,1.56,2.48,1.15,6.2,4.5,1.04,4.5,1.22,2.22,1.65,1.17,5.0,1.7,2.26,5.6,10.0,5.4,5.7,5.6,4.5,9.2,5.6,2.54,2.54,5.5,2.36,2.28,2.54,2.44,7.0,2.16,2.2,1.65,0.25,0.26666668,0.54347825,0.6060606,0.45045045,0.5882353,0.44247788,0.9375,0.46,1.0666667,0.49066666,2.173913,2.0380435,0.44,0.592,0.380865,0.032258064,0.369863,0.34168157,0.3888889,2.173913,0.49066666,1.0666667,2.4242425,1.1151515,0.44,0.9705882,9.59,0.026068822,-0.19916579,0.41710114,0.19186653,0.36961582,1.1815386,0.44000697,2.8941665,-7.125016,0.80610174,-15.907552,2.8941665,1.91,0.25,1,1.0
Polish Ekstraklasa,2024-02-09,16:30:00,Ruch Chorzow,Legia Warsaw,5.5,1.66,4.2,3.1,1.41,1.47,2.86,1.1,6.6,11.0,1.06,4.0,1.3,2.04,1.88,1.14,6.4,1.91,1.99,12.0,7.8,8.8,12.0,14.5,4.4,9.0,12.5,6.4,16.0,15.5,6.4,6.8,6.6,6.6,7.0,6.6,4.1,7.0,0.18181819,0.23809524,0.60240966,0.5319149,0.49019608,0.5235602,0.5025126,0.76363635,0.3018182,1.3095238,0.3952381,3.313253,2.5301204,0.44761905,0.4857143,0.5470635,0.13402061,0.5363129,0.4334471,0.38157895,3.313253,0.3952381,1.3095238,2.9255319,0.88297874,0.44761905,0.9842932,11.36,0.11443662,-0.22359155,0.48415494,0.14612676,0.51577896,1.953083,0.5613051,4.7840567,-33.02387,0.22627416,-4.573921,4.7840567,2.54,1.3,1,1.0
Spanish Segunda Division,2024-02-09,16:30:00,Levante,Leganes,2.3,4.0,3.0,2.34,1.65,1.25,3.85,1.05,1.01,6.2,1.14,2.5,1.59,1.47,2.88,1.05,2.88,2.16,1.68,7.4,9.4,22.0,15.0,5.2,6.6,16.5,14.0,11.5,11.0,24.0,15.0,28.0,30.0,38.0,18.5,26.0,16.5,5.4,0.4347826,0.33333334,0.25,0.3472222,0.6802721,0.46296296,0.5952381,1.3043479,1.7391304,0.76666665,1.3333334,0.575,0.75,0.96,0.49,0.22264045,0.13207547,0.26984128,0.14285715,0.020408163,0.575,1.3333334,0.76666665,0.7986111,1.3888888,0.96,1.3333334,9.3,-0.07526882,0.10752688,0.24731183,0.43010753,0.275613,0.8544004,0.2319324,2.092845,19.290047,1.9940411,35.183838,2.092845,1.0,0.7,1,1.0
Friendly Matches,2024-02-09,16:30:00,Bohemians,Cork City,1.05,1.05,1.04,1.01,1.01,1.02,1.01,1.01,1.01,1.27,1.05,1.27,1.05,1.27,1.05,1.02,1.05,1.1,1.1,1.49,1.1,1.1,1.1,1.1,1.1,1.1,1.1,1.1,1.1,1.1,1.1,1.1,1.1,1.1,1.1,1.1,1.1,1.1,0.95238096,0.96153843,0.95238096,0.95238096,0.78740156,0.90909094,0.90909094,0.9904762,1.0,1.0096154,1.0096154,1.0,0.9904762,1.0096154,1.2211539,0.004518254,0.004784689,0.0,0.004784689,0.004784689,1.0,1.0096154,1.0096154,1.0,1.0,1.0096154,0.95454544,3.14,0.0031847134,0.0031847134,0.3343949,0.3343949,0.0055160853,0.005773503,0.00477327,0.014142135,-0.28647652,0.31112698,-6.2772985,0.014142135,0.01,0.01,1,1.0
Italian Serie C,2024-02-09,16:45:00,Pontedera,Arezzo,2.1,3.4,3.35,2.66,1.01,1.02,1.01,1.01,1.01,3.45,1.09,3.45,1.35,1.53,2.08,1.1,3.85,1.86,2.0,10.0,4.3,5.3,5.9,8.2,3.6,4.8,5.7,4.5,9.4,5.0,5.8,19.0,5.2,5.6,6.0,4.7,5.7,6.2,0.47619048,0.29850745,0.29411766,0.48076922,0.6535948,0.53763443,0.5,1.5952381,1.6190476,0.6268657,1.0149254,0.61764705,0.9852941,0.6208955,0.45671642,0.23806034,0.2293578,0.23636363,0.0074074073,0.23388582,0.61764705,1.0149254,0.6268657,1.0096154,1.6346154,0.6208955,1.1182796,8.85,-0.14124294,0.0056497175,0.23728813,0.38418078,0.24967661,0.736546,0.271627,1.8041619,32.005383,0.7778175,15.376251,1.8041619,0.05,1.25,1,1.0
Northern Irish Premiership,2024-02-09,16:45:00,Newry,Ballymena,3.0,2.48,3.3,1.01,1.01,1.02,1.01,1.01,1.01,10.0,1.07,3.6,1.3,1.88,1.99,1.1,6.8,1.8,2.1,5.3,4.7,5.4,4.7,4.9,3.9,4.8,4.6,4.3,5.1,5.5,4.8,4.8,4.7,4.9,6.8,4.6,4.4,5.3,0.33333334,0.3030303,0.4032258,0.5025126,0.5319149,0.5555556,0.47619048,1.1,0.82666665,0.90909094,0.75151515,1.2096775,1.3306452,0.6030303,0.56969696,0.12107325,0.04761905,0.09489051,0.14186852,0.24763705,1.2096775,0.75151515,0.90909094,1.5075377,1.2462312,0.6030303,1.1055555,8.78,-0.034168564,-0.09339408,0.34168565,0.28246012,0.14176181,0.41488954,0.21467285,1.0162677,8.530766,0.15556349,3.148096,1.0162677,0.82,0.3,1,1.0
Italian Serie C,2024-02-09,16:45:00,USD Sestri Levante 1919,Perugia,4.5,1.79,3.6,1.01,1.01,1.02,1.01,1.01,1.01,1.79,1.07,1.79,1.32,1.79,2.0,1.08,3.4,1.88,1.95,10.0,3.95,9.0,5.4,5.1,7.6,4.4,5.4,6.0,5.3,5.4,6.0,7.0,7.0,6.4,6.8,6.4,4.7,7.0,0.22222222,0.2777778,0.5586592,0.5,0.5586592,0.5319149,0.51282054,0.8,0.39777777,1.25,0.49722221,2.5139666,2.0111732,0.5555556,0.49722221,0.41730258,0.11111111,0.4308426,0.33580706,0.2857143,2.5139666,0.49722221,1.25,2.25,0.895,0.5555556,1.0638298,9.89,0.09100101,-0.18301314,0.45500505,0.1809909,0.41867426,1.3802295,0.43738866,3.380858,-24.227745,0.29698485,5.994093,3.380858,1.81,0.9,1,1.0
Friendly Matches,2024-02-09,16:45:00,Drogheda,Bray Wanderers,1.21,2.7,3.0,1.01,1.01,1.02,1.01,1.01,1.01,1.27,1.06,1.27,1.06,1.27,1.06,1.05,5.3,1.1,1.1,1.49,1.1,1.1,1.1,1.1,1.1,1.1,1.1,1.1,1.1,1.1,1.1,1.1,1.1,1.1,1.1,1.55,1.55,1.1,0.8264463,0.33333334,0.37037036,0.9433962,0.78740156,0.90909094,0.90909094,2.479339,2.231405,0.40333334,0.9,0.44814816,1.1111112,0.35333332,0.42333335,0.43963596,0.42517814,0.38107416,0.05263158,0.47783253,0.44814816,0.9,0.40333334,1.1415094,2.54717,0.35333332,0.96363634,6.91,-0.25904486,-0.04341534,0.17510854,0.39073807,0.41620648,0.9586623,0.5016708,2.3482335,41.828545,0.29698485,-5.994093,2.3482335,0.3,1.79,1,1.0
Welsh Premiership,2024-02-09,16:45:00,Bala Town,The New Saints,7.2,1.36,4.5,3.75,1.28,1.02,1.01,1.16,1.01,1.02,1.03,1.02,1.15,2.38,1.52,1.23,1.01,1.79,2.0,2.84,2.5,2.42,2.58,2.9,2.58,2.48,2.62,3.05,2.88,2.82,2.88,3.1,3.05,3.05,3.05,3.05,3.15,3.15,0.1388889,0.22222222,0.7352941,0.65789473,0.42016807,0.5586592,0.5,0.625,0.18888889,1.6,0.30222222,5.2941175,3.3088236,0.33777776,0.5288889,0.721567,0.23076923,0.682243,0.53583616,0.4950166,5.2941175,0.30222222,1.6,4.736842,0.8947368,0.33777776,0.849162,13.06,0.20673813,-0.24042879,0.55130166,0.10413476,0.6713847,2.9227612,0.7613832,7.1592736,-53.471146,1.2162237,-23.267704,7.1592736,3.14,2.7,1,1.0
English League 2,2024-02-09,16:45:00,Notts Co,Gillingham,1.99,3.95,3.9,3.45,1.38,1.55,2.58,1.15,6.8,12.5,1.05,4.6,1.24,2.24,1.72,1.17,5.5,1.69,2.34,16.0,16.0,27.0,14.0,10.5,8.4,14.5,12.0,12.0,6.6,15.0,32.0,21.0,15.5,26.0,36.0,7.0,16.5,16.5,0.5025126,0.25641027,0.25316456,0.5813953,0.44642857,0.591716,0.42735043,1.959799,1.9849247,0.5102564,1.0128205,0.5037975,0.98734176,0.44102564,0.574359,0.34617448,0.32427844,0.32996634,0.006369427,0.38790035,0.5037975,1.0128205,0.5102564,1.1569767,2.2965117,0.44102564,1.0177515,9.84,-0.19410568,0.0050813006,0.20223577,0.40142277,0.34068674,1.1174525,0.41534984,2.7371883,43.681404,0.7353911,-14.574216,2.7371883,0.05,1.91,1,1.0
Italian Serie C,2024-02-09,16:45:00,Rimini,Cesena,6.4,1.54,3.8,2.96,1.34,1.02,1.01,1.01,1.01,3.3,1.07,3.15,1.35,1.81,1.88,1.09,3.35,2.06,1.75,11.5,6.2,7.2,12.0,16.0,8.2,8.6,15.0,5.3,20.0,20.0,5.2,5.6,5.5,5.5,5.6,5.5,3.85,5.7,0.15625,0.2631579,0.64935064,0.5319149,0.5524862,0.4854369,0.5714286,0.59375,0.240625,1.6842105,0.40526316,4.155844,2.4675324,0.49473685,0.4763158,0.59451365,0.25490198,0.6120907,0.42322096,0.33802816,4.155844,0.40526316,1.6842105,3.4042554,0.81914896,0.49473685,0.9126214,11.74,0.22146508,-0.19250426,0.5451448,0.13117547,0.6214603,2.4319813,0.655165,5.9571133,-52.431408,0.09899495,2.004534,5.9571133,2.26,2.6,1,1.0
Italian Serie A,2024-02-09,16:45:00,Salernitana,Empoli,2.54,3.25,3.3,2.68,1.51,1.35,3.25,1.08,10.0,10.0,1.1,3.15,1.43,1.71,2.36,1.09,10.0,1.98,1.96,10.0,10.0,18.5,55.0,8.6,6.6,13.0,38.0,13.5,11.5,19.5,50.0,32.0,29.0,46.0,100.0,27.0,38.0,200.0,0.39370078,0.3030303,0.30769232,0.42372882,0.5847953,0.5050505,0.5102041,1.2992126,1.2795275,0.76969695,0.9848485,0.7815385,1.0153847,0.7151515,0.5181818,0.12451054,0.13013698,0.12262522,0.007633588,0.16607773,0.7815385,0.9848485,0.76969695,1.0762712,1.3771186,0.7151515,1.1919192,9.09,-0.08360836,-0.00550055,0.27942795,0.35753575,0.14029315,0.42508823,0.16851747,1.0412493,20.806791,0.9192388,18.004162,1.0412493,0.05,0.76,1,1.0
Welsh Premiership,2024-02-09,16:45:00,Haverfordwest County,Pontypridd Town,2.04,3.4,3.25,2.88,1.42,1.02,1.01,1.08,1.01,3.45,1.07,3.45,1.31,1.84,1.92,1.05,5.0,1.78,2.0,5.1,5.1,1.27,1.1,4.5,1.81,2.88,1.17,5.1,4.8,1.48,1.1,1.27,1.27,1.13,1.2,1.55,1.55,1.1,0.49019608,0.30769232,0.29411766,0.5208333,0.54347825,0.56179774,0.5,1.5931373,1.6666666,0.6276923,1.0461539,0.6,0.9558824,0.59076923,0.5661538,0.24561569,0.22873347,0.25,0.02255639,0.25725338,0.6,1.0461539,0.6276923,1.0625,1.7708334,0.59076923,1.0786517,8.69,-0.1392405,0.01726122,0.2347526,0.3912543,0.2574257,0.7456764,0.29424542,1.8265268,31.173939,0.11313708,2.29061,1.8265268,0.15,1.21,1,1.0
Italian Serie C,2024-02-09,16:45:00,Mantova,Triestina,2.02,4.2,3.35,2.8,1.37,1.39,3.0,1.09,7.8,3.35,1.08,3.35,1.32,1.8,2.02,1.1,3.35,1.81,1.95,10.5,12.0,4.8,5.0,7.8,7.2,14.0,4.9,9.6,9.2,16.0,4.9,18.5,17.5,4.8,5.1,3.95,4.9,5.2,0.4950495,0.29850745,0.23809524,0.4950495,0.5555556,0.5524862,0.51282054,1.6584158,2.079208,0.6029851,1.2537314,0.48095238,0.79761904,0.6029851,0.53731346,0.31899858,0.24767226,0.3504823,0.11258278,0.24767226,0.48095238,1.2537314,0.6029851,1.0,2.079208,0.6029851,1.1160221,9.57,-0.13897596,0.08881923,0.21107627,0.43887147,0.34444264,1.098772,0.36963716,2.6914308,33.623905,0.31112698,6.2772985,2.6914308,0.85,1.33,1,1.0
English Championship,2024-02-09,17:00:00,Sheff Wed,Birmingham,2.52,3.15,3.45,2.88,1.46,1.42,3.1,1.11,7.8,11.0,1.08,3.65,1.36,1.89,2.1,1.12,8.0,1.83,2.14,11.5,11.5,19.0,46.0,9.8,7.2,13.0,32.0,14.5,11.0,16.5,44.0,32.0,24.0,38.0,85.0,21.0,30.0,390.0,0.3968254,0.28985506,0.31746033,0.47619048,0.52910054,0.5464481,0.46728972,1.3690476,1.25,0.7304348,0.9130435,0.8,1.0952381,0.6086956,0.5478261,0.1354667,0.1557789,0.11111111,0.045454547,0.24324325,0.8,0.9130435,0.7304348,1.2,1.5,0.6086956,1.1475409,9.12,-0.10197368,-0.032894738,0.27631578,0.34539473,0.15613742,0.47465777,0.2171764,1.1626693,24.938427,0.29698485,5.994093,1.1626693,0.3,0.93,1,1.0
Welsh Premiership,2024-02-09,17:00:00,Aberystwyth,Colwyn Bay,2.12,2.82,3.15,3.3,1.01,1.55,1.01,1.14,1.01,4.3,1.05,2.22,1.21,2.22,1.64,1.16,2.56,1.62,1.1,1.7,1.84,1.72,1.17,2.04,3.8,2.04,1.67,1.84,3.35,2.04,1.29,1.66,1.72,1.75,1.71,1.64,1.55,1.17,0.4716981,0.31746033,0.35460994,0.6097561,0.45045045,0.61728394,0.90909094,1.485849,1.3301886,0.6730159,0.8952381,0.75177306,1.1170213,0.52063495,0.7047619,0.17239301,0.19544592,0.1417004,0.055276383,0.3152401,0.75177306,0.8952381,0.6730159,1.2926829,1.7195122,0.52063495,1.0123457,8.09,-0.12731768,-0.0407911,0.2620519,0.34857848,0.19504058,0.52595943,0.27989772,1.2883322,27.248466,0.8202439,-16.17216,1.2883322,0.33,1.03,1,1.0
French Women's Matches,2024-02-09,17:00:00,Stade Reims (W),Montpellier (W),2.8,2.44,3.4,1.01,1.01,1.02,1.01,1.1,1.01,3.6,1.06,3.6,1.3,1.91,1.85,1.02,3.15,1.74,2.12,3.0,2.9,3.1,3.4,3.0,2.64,2.92,3.35,3.75,3.75,3.1,3.45,3.5,3.75,3.5,3.6,3.35,3.2,3.75,0.35714287,0.29411766,0.40983605,0.5405405,0.5235602,0.57471263,0.4716981,1.2142857,0.87142855,0.8235294,0.7176471,1.1475409,1.3934426,0.5441176,0.5617647,0.13374251,0.09677419,0.06870229,0.16438356,0.2952381,1.1475409,0.7176471,0.8235294,1.5135136,1.318919,0.5441176,1.0632184,8.64,-0.06944445,-0.11111111,0.32407406,0.2824074,0.16839384,0.48497424,0.24771574,1.1879394,16.699244,0.084852815,-1.718358,1.1879394,0.96,0.6,1,1.0
Argentinian Primera B Metropolitana,2024-02-09,17:00:00,Argentino de Quilmes,Deportivo Laferrere,1.06,1.06,1.05,1.01,1.01,1.02,1.01,1.01,1.01,7.6,1.11,1.27,1.11,1.27,1.11,1.05,1.11,1.1,1.1,1.49,1.1,1.1,1.1,1.1,1.1,1.1,1.1,1.1,1.1,1.1,1.1,1.1,1.1,1.1,1.1,1.55,1.55,1.1,0.9433962,0.95238096,0.9433962,0.9009009,0.78740156,0.90909094,0.90909094,0.990566,1.0,1.0095239,1.0095239,1.0,0.990566,1.0571429,1.2095238,0.0044753593,0.0047393367,0.0,0.0047393367,0.027777778,1.0,1.0095239,1.0095239,0.954955,0.954955,1.0571429,1.0090909,3.17,0.0031545742,0.0031545742,0.33438486,0.33438486,0.005463883,0.005773503,0.02530853,0.014142135,-0.28647652,0.22627416,-4.573921,0.014142135,0.01,0.01,1,1.0
Spanish La Liga,2024-02-09,17:00:00,Cadiz,Betis,3.05,2.78,3.2,2.48,1.54,1.33,3.75,1.07,11.5,8.6,1.11,2.88,1.51,1.61,2.6,1.08,12.0,2.1,1.85,8.8,8.2,14.5,40.0,8.8,6.8,12.5,34.0,16.5,13.0,21.0,50.0,48.0,38.0,55.0,110.0,44.0,30.0,500.0,0.32786885,0.3125,0.35971224,0.3846154,0.621118,0.47619048,0.5405405,1.0491803,0.9114754,0.953125,0.86875,1.0971223,1.1510792,0.8125,0.503125,0.058979936,0.024,0.04631218,0.07023411,0.10344828,1.0971223,0.86875,0.953125,1.1730769,1.0692308,0.8125,1.2380953,9.03,-0.016611295,-0.046511628,0.337763,0.30786267,0.07071029,0.21283796,0.092432365,0.5213444,4.289153,1.4000714,26.33541,0.5213444,0.42,0.15,1,1.0
Argentinian Primera B Metropolitana,2024-02-09,17:00:00,FC Midland,Los Andes,1.06,1.06,1.05,1.01,1.01,1.02,1.01,1.01,1.01,6.6,1.13,1.27,1.13,1.27,1.13,1.05,1.13,1.1,1.1,1.49,1.1,1.1,1.1,1.1,1.1,1.1,1.1,1.1,1.1,1.1,1.1,1.1,1.1,1.1,1.1,1.1,1.1,1.1,0.9433962,0.95238096,0.9433962,0.88495576,0.78740156,0.90909094,0.90909094,0.990566,1.0,1.0095239,1.0095239,1.0,0.990566,1.0761905,1.2095238,0.0044753593,0.0047393367,0.0,0.0047393367,0.036697246,1.0,1.0095239,1.0095239,0.9380531,0.9380531,1.0761905,1.0272727,3.17,0.0031545742,0.0031545742,0.33438486,0.33438486,0.005463883,0.005773503,0.03438926,0.014142135,-0.28647652,0.1979899,-4.004173,0.014142135,0.01,0.01,1,1.0
Icelandic League Cup,2024-02-09,17:00:00,Fram,Fylkir,1.36,1.49,1.32,1.01,1.01,1.02,1.01,1.17,1.01,1.02,1.03,1.03,1.13,1.27,1.13,1.06,1.13,1.1,1.1,1.49,1.1,1.1,1.1,1.1,1.1,1.1,1.1,1.1,1.1,1.1,1.1,1.1,1.1,1.1,1.1,1.55,1.55,1.1,0.7352941,0.75757575,0.67114097,0.88495576,0.78740156,0.90909094,0.90909094,0.9705882,1.0955882,1.030303,1.1287879,0.9127517,0.88590604,0.8560606,0.9621212,0.050795984,0.014925373,0.045614034,0.06049822,0.07755102,0.9127517,1.1287879,1.030303,1.2035398,1.3185841,0.8560606,1.0272727,4.17,0.009592326,0.040767387,0.3261391,0.35731414,0.06394385,0.08888195,0.11236584,0.21771541,-1.1457628,0.1979899,-4.004173,0.21771541,0.17,0.04,1,1.0
Peruvian Primera Division,2024-02-09,17:00:00,Utc Cajamarca,Universidad Cesar Vallejo,2.32,3.2,3.05,1.01,1.01,1.33,1.01,1.08,1.01,9.4,1.08,2.98,1.37,1.67,2.12,1.07,3.9,1.83,1.89,4.6,4.7,5.8,3.2,4.3,3.9,5.2,6.6,5.2,4.9,5.7,6.8,4.6,6.2,6.8,7.2,3.0,3.35,3.15,0.43103448,0.32786885,0.3125,0.4716981,0.5988024,0.5464481,0.52910054,1.3146552,1.3793104,0.76065576,1.0491803,0.725,0.953125,0.69508195,0.54754096,0.14736901,0.1359404,0.1594203,0.024,0.17988394,0.725,1.0491803,0.76065576,1.0943396,1.509434,0.69508195,1.1584699,8.57,-0.085180864,0.017502917,0.27071178,0.37339556,0.16480029,0.4707795,0.19920552,1.1531695,20.052082,0.6363961,12.680384,1.1531695,0.15,0.73,1,1.0
Portuguese Primeira Liga,2024-02-09,17:15:00,Club Football Estrela,Portimonense,2.04,3.85,3.45,3.0,1.43,1.43,3.0,1.11,7.2,10.0,1.07,3.45,1.32,1.83,2.0,1.1,3.35,1.84,2.02,10.0,12.5,8.6,10.0,8.4,7.0,14.0,9.8,11.5,9.6,16.5,10.0,8.8,8.2,9.4,10.5,6.8,9.6,11.5,0.49019608,0.28985506,0.25974026,0.5,0.5464481,0.54347825,0.4950495,1.6911764,1.887255,0.59130436,1.115942,0.52987015,0.8961039,0.5797101,0.5304348,0.29510158,0.2568306,0.3073005,0.05479452,0.26605505,0.52987015,1.115942,0.59130436,1.02,1.925,0.5797101,1.0869565,9.34,-0.1509636,0.042826552,0.21841542,0.41220558,0.3053983,0.9508067,0.3369607,2.3289912,35.183838,0.2404163,4.858463,2.3289912,0.4,1.41,1,1.0
Paraguayan Primera Division,2024-02-09,18:15:00,2 de Mayo,Sol de America,3.0,2.46,3.35,2.54,1.38,1.02,2.74,1.08,7.8,3.5,1.01,3.5,1.36,1.86,1.89,1.11,7.8,1.82,2.08,2.08,2.08,1.89,2.0,2.08,1.65,2.08,1.98,1.94,1.86,1.92,2.02,2.02,2.0,2.02,2.06,1.99,1.95,2.08,0.33333334,0.29850745,0.40650406,0.52910054,0.53763443,0.5494506,0.48076922,1.1166667,0.82,0.8955224,0.7343283,1.2195122,1.3617886,0.5641791,0.5552239,0.13003267,0.05511811,0.0989011,0.15318416,0.27862597,1.2195122,0.7343283,0.8955224,1.5873016,1.3015873,0.5641791,1.0384616,8.81,-0.039727584,-0.101021565,0.34052214,0.27922815,0.15267903,0.44836742,0.23875533,1.0982714,9.926246,0.042426407,0.85937226,1.0982714,0.89,0.35,1,1.0
Argentinian Copa de la Liga Profesional,2024-02-09,19:00:00,Estudiantes,Tigre,1.77,5.7,3.45,2.46,1.55,1.3,3.85,1.06,1.01,2.62,1.12,2.62,1.48,1.54,2.46,1.05,2.46,2.34,1.65,8.0,13.0,11.0,13.0,5.7,7.4,21.0,12.5,8.2,10.0,21.0,12.5,17.0,21.0,11.5,13.0,8.0,13.0,14.0,0.56497175,0.28985506,0.1754386,0.40650406,0.64935064,0.42735043,0.6060606,1.9491526,3.220339,0.51304346,1.6521739,0.3105263,0.6052632,0.71304345,0.4463768,0.47601783,0.3218391,0.5261044,0.24590164,0.16751269,0.3105263,1.6521739,0.51304346,0.7195122,2.317073,0.71304345,1.051282,10.92,-0.15384616,0.20604396,0.16208792,0.521978,0.5417245,1.9718773,0.5126249,4.8300934,40.03026,1.3010765,24.70243,4.8300934,2.25,1.68,1,1.0
Brazilian Carioca Matches,2024-02-09,19:15:00,Boavista RJ,Portuguesa RJ,2.66,2.88,3.0,1.01,1.01,1.34,1.01,1.06,1.01,2.6,1.09,2.6,1.43,1.62,2.14,1.05,4.0,1.8,1.75,4.1,4.2,2.68,2.88,3.0,2.48,2.56,2.86,2.62,2.54,2.7,2.92,2.86,2.84,2.92,2.98,2.82,2.86,3.0,0.37593985,0.33333334,0.3472222,0.46728972,0.61728394,0.5555556,0.5714286,1.1278195,1.0827068,0.88666666,0.96,0.9236111,1.0416666,0.7133333,0.54,0.050378986,0.06007067,0.039711192,0.020408163,0.16731517,0.9236111,0.96,0.88666666,1.2429906,1.3457944,0.7133333,1.1888889,8.54,-0.039812647,-0.014051522,0.3114754,0.33723652,0.06057385,0.17243356,0.14245345,0.42237425,9.648046,0.7353911,14.574216,0.42237425,0.12,0.34,1,1.0
Mexican Women's Matches,2024-02-09,20:00:00,Toluca (W),Tigres (W),10.5,1.22,6.8,1.01,1.25,1.67,2.08,1.2,1.01,2.7,1.02,2.7,1.02,2.7,1.46,1.29,3.85,1.99,1.77,3.5,5.2,4.6,4.7,4.2,6.0,5.2,5.7,4.2,4.2,5.0,3.55,4.2,4.2,4.2,2.9,8.8,2.78,2.96,0.0952381,0.14705883,0.8196721,0.6849315,0.37037036,0.5025126,0.56497175,0.64761907,0.11619048,1.5441177,0.17941177,8.606558,5.5737705,0.21470588,0.3970588,0.9321348,0.21387284,0.7918089,0.6957606,0.6464891,8.606558,0.17941177,1.5441177,7.191781,0.8356164,0.21470588,0.7336683,18.52,0.19978401,-0.3012959,0.5669547,0.06587473,0.7567436,4.671631,0.8976317,11.443111,-61.60698,1.7536248,-31.798912,11.443111,5.58,3.7,1,1.0
Mexican Ascenso MX,2024-02-09,20:05:00,Universidad Guadalajara,Cancun FC,2.12,3.6,3.35,2.6,1.36,1.41,2.7,1.08,1.01,3.35,1.07,3.35,1.07,1.79,1.07,1.1,3.25,1.84,2.02,10.0,10.0,18.5,4.6,7.0,5.9,11.5,4.5,10.0,8.2,14.0,4.6,19.0,18.0,4.5,4.7,3.9,4.5,4.8,0.4716981,0.29850745,0.2777778,0.93457943,0.5586592,0.54347825,0.4950495,1.5801886,1.6981132,0.6328358,1.0746269,0.5888889,0.9305556,0.319403,0.53432834,0.24888302,0.22486289,0.25874126,0.035971224,0.51583713,0.5888889,1.0746269,0.6328358,1.9813085,3.364486,0.319403,0.58152175,9.07,-0.1356119,0.027563395,0.2337376,0.3969129,0.26203963,0.7922331,0.46211126,1.9405669,31.591516,1.0182338,-19.798876,1.9405669,0.25,1.23,1,1.0
Colombian Primera A,2024-02-09,20:10:00,Jaguares de Cordoba,Rionegro,3.5,2.32,3.05,2.58,1.57,1.28,3.6,1.06,1.01,7.6,1.12,2.56,1.53,1.58,2.56,1.05,9.8,2.0,1.75,7.4,6.4,10.5,6.2,8.6,6.0,10.0,5.7,19.5,13.5,19.0,6.2,6.2,6.2,6.2,6.6,6.2,10.0,6.8,0.2857143,0.32786885,0.43103448,0.390625,0.6329114,0.5,0.5714286,0.87142855,0.6628571,1.1475409,0.76065576,1.5086207,1.3146552,0.83934426,0.5180328,0.17531213,0.06870229,0.20274915,0.1359404,0.08734403,1.5086207,0.76065576,1.1475409,1.3671875,0.90625,0.83934426,1.28,8.87,0.050732806,-0.08229989,0.3945885,0.26155582,0.20141296,0.59551096,0.18377146,1.458698,-12.680384,1.3859293,26.104855,1.458698,0.73,0.45,1,1.0
Paraguayan Primera Division,2024-02-09,20:45:00,Sportivo Trinidense,Tacuary,2.14,3.0,2.96,2.96,1.35,1.02,2.64,1.09,7.4,3.05,1.01,3.05,1.27,1.33,1.82,1.11,7.2,1.67,1.87,3.4,3.45,3.8,1.98,3.15,2.98,3.5,1.56,3.45,3.25,3.6,1.57,3.8,2.66,3.95,4.1,2.08,1.6,1.6,0.46728972,0.33783785,0.33333334,0.5494506,0.7518797,0.5988024,0.53475934,1.3831775,1.4018692,0.722973,1.0135136,0.7133333,0.9866667,0.6148649,0.4493243,0.16367665,0.16078432,0.16731517,0.0067114094,0.23849373,0.7133333,1.0135136,0.722973,1.1758242,1.6483517,0.6148649,1.0898204,8.1,-0.10123457,0.004938272,0.26419753,0.37037036,0.17977276,0.48538643,0.2387787,1.1889491,22.293629,0.6929647,13.766301,1.1889491,0.04,0.82,1,1.0
Peruvian Primera Division,2024-02-09,21:00:00,Cienciano,Sporting Cristal,2.72,2.52,3.0,1.01,1.01,1.33,1.01,1.01,1.01,9.0,1.09,2.96,1.38,1.66,2.14,1.07,4.0,1.85,1.89,4.4,4.3,5.1,6.2,4.4,4.0,4.7,5.9,5.3,4.8,5.4,2.66,3.0,6.0,2.78,6.8,2.78,2.78,2.6,0.36764705,0.33333334,0.3968254,0.46728972,0.60240966,0.5405405,0.52910054,1.1029412,0.9264706,0.9066667,0.84,1.0793651,1.1904762,0.7133333,0.55333334,0.07091083,0.04895105,0.03816794,0.08695652,0.16731517,1.0793651,0.84,0.9066667,1.271028,1.1775701,0.7133333,1.1567568,8.24,-0.033980582,-0.058252428,0.33009708,0.30582523,0.08778224,0.24110855,0.13935134,0.5905929,7.96961,0.6788225,13.495733,0.5905929,0.48,0.28,1,1.0
Argentinian Copa de la Liga Profesional,2024-02-09,21:15:00,Velez Sarsfield,Gimnasia La Plata,2.16,4.1,2.9,2.34,1.53,1.27,4.1,1.05,1.01,2.44,1.14,2.44,1.55,1.48,2.42,1.05,10.0,2.24,1.7,7.0,9.4,5.9,6.6,6.2,6.6,5.4,6.6,8.8,10.5,18.5,6.6,22.0,6.4,6.4,6.8,5.9,6.6,7.0,0.46296296,0.3448276,0.24390244,0.41322315,0.6756757,0.44642857,0.5882353,1.3425926,1.8981482,0.74482757,1.4137931,0.52682924,0.70731705,0.8344827,0.5103448,0.25536835,0.14624506,0.30990416,0.17142858,0.09022556,0.52682924,1.4137931,0.74482757,0.892562,1.6942148,0.8344827,1.0803572,9.16,-0.08078603,0.13100436,0.23580787,0.44759825,0.32064864,0.9790472,0.29700366,2.398166,20.304474,1.3293607,25.173525,2.398166,1.2,0.74,1,1.0
Mexican Women's Matches,2024-02-09,22:00:00,Pumas UNAM (W),Monterrey (W),5.5,1.46,4.0,1.01,1.01,1.02,1.01,1.18,1.01,2.48,1.01,2.48,1.01,2.48,1.48,1.25,2.22,1.66,2.08,1.23,2.98,1.11,4.4,2.3,1.22,1.1,8.2,2.92,1.22,1.22,15.0,1.1,8.8,1.22,18.5,1.1,1.22,3.3,0.18181819,0.25,0.6849315,0.6756757,0.4032258,0.60240966,0.48076922,0.72727275,0.26545453,1.375,0.365,3.7671232,2.739726,0.37,0.62,0.5986423,0.15789473,0.5804598,0.46520147,0.459854,3.7671232,0.365,1.375,3.7162163,0.9864865,0.37,0.8915663,10.96,0.13686131,-0.23175183,0.5018248,0.13321167,0.55899316,2.0421884,0.6399602,5.0023193,-36.869896,1.4142135,-26.565052,5.0023193,2.54,1.5,1,1.0
